-- MySQL dump 10.13  Distrib 8.0.28, for Win64 (x86_64)
--
-- Host: localhost    Database: dsdouban
-- ------------------------------------------------------
-- Server version	8.0.28

/*!40101 SET @OLD_CHARACTER_SET_CLIENT=@@CHARACTER_SET_CLIENT */;
/*!40101 SET @OLD_CHARACTER_SET_RESULTS=@@CHARACTER_SET_RESULTS */;
/*!40101 SET @OLD_COLLATION_CONNECTION=@@COLLATION_CONNECTION */;
/*!50503 SET NAMES utf8 */;
/*!40103 SET @OLD_TIME_ZONE=@@TIME_ZONE */;
/*!40103 SET TIME_ZONE='+00:00' */;
/*!40014 SET @OLD_UNIQUE_CHECKS=@@UNIQUE_CHECKS, UNIQUE_CHECKS=0 */;
/*!40014 SET @OLD_FOREIGN_KEY_CHECKS=@@FOREIGN_KEY_CHECKS, FOREIGN_KEY_CHECKS=0 */;
/*!40101 SET @OLD_SQL_MODE=@@SQL_MODE, SQL_MODE='NO_AUTO_VALUE_ON_ZERO' */;
/*!40111 SET @OLD_SQL_NOTES=@@SQL_NOTES, SQL_NOTES=0 */;

--
-- Table structure for table `author`
--

DROP TABLE IF EXISTS `author`;
/*!40101 SET @saved_cs_client     = @@character_set_client */;
/*!50503 SET character_set_client = utf8mb4 */;
CREATE TABLE `author` (
  `author_id` bigint NOT NULL AUTO_INCREMENT,
  `is_translator` tinyint NOT NULL,
  `name` varchar(40) NOT NULL,
  `intro` varchar(800) DEFAULT NULL,
  PRIMARY KEY (`author_id`)
) ENGINE=InnoDB AUTO_INCREMENT=117 DEFAULT CHARSET=utf8mb3 COMMENT='Author and translator';
/*!40101 SET character_set_client = @saved_cs_client */;

--
-- Dumping data for table `author`
--

LOCK TABLES `author` WRITE;
/*!40000 ALTER TABLE `author` DISABLE KEYS */;
INSERT INTO `author` VALUES (10,0,'左敦稳',NULL),(11,0,'赵剑峰',NULL),(12,0,'徐峰',NULL),(13,0,'李炯生','李炯生（1935— ），福建安溪县龙涓乡人，民国24年12月出生于马来亚怡保。30年回国定居于漳州。1959年7月毕业于厦门大学数学系。此后一直在中国科学技术大学数学系任教，历任助教、讲师、副教授、教授；并任过《代数学通讯》主编，中国科大数学系代数教研室主任，中国数学会组合数学研究会理事。炯生主要从事数学科学中有限群论、图论和矩阵论等研究。主要著作有《计数》、《线性代数》、《高中数学竞赛教程》、《中国初等教学研究》等。译著有《组合学原理》。先后在国内外数学刊物上发表论文30多篇。在数学科研中取得丰硕成果。'),(14,0,'查建国',NULL),(15,0,'[英] 石黑一雄','1954年出生于日本长崎，5岁随父母移民英国。之前出版的八部作品为他赢得了包括诺贝尔文学奖和英国布克奖在内的诸多重要文学奖项。作品被翻译成超过五十种文字。其中，《长日将尽》和《莫失莫忘》的英国版销量均逾百万册，并被翻拍成电影，广受赞誉。2018年，石黑一雄因其在文学领域的杰出贡献 ，被英国女王封为爵士。他同时还是法国艺术与文学骑士勋章和日本旭日重光章的受勋者。'),(16,1,'宋佥',NULL),(17,0,'程士宏 编',NULL),(18,0,'[波兰] 奥尔加·托卡尔丘克','奥尔加•托卡尔丘克\nOlga Tokarczuk\n2018年诺贝尔文学奖得主（2019年授予），当代欧洲重要作家、波兰国宝级作家。诺贝尔文学奖授奖理由为：“她的叙事富于百科全书式的激情和想象力，呈现了一种跨越边界的生命形式。”\n托卡尔丘克生于1962 年，毕业于华沙大学 心理学系，1989年凭借诗集《镜子里的城市》登上文坛。代表作有长篇小说《E.E.》（1995）、《太古和其他的时间》(1996)、《白天的房子，夜晚的房子》（1998）、《最后的故事》（2004）、《世界坟墓中的安娜•尹》（2006）、《云游》（2007）、《糜骨之壤》（2009）、《雅各布之书》（2014）；小说集《衣柜》（1997）、《鼓声齐鸣》（2001）、《怪诞故事集》（2018）；散文《玩偶与珍珠》（2001）等。\n她善于在作品中融合民间传说、神话、宗教故事等元素来观照波兰...\n'),(19,1,'何娟',NULL),(20,1,'于是',NULL),(21,1,'易丽君',NULL),(22,0,'黄锦树','黄锦树，马来西亚华裔，1967年生于马来西亚柔佛州。于1986年赴台求学，台湾大学中国文学系、淡江大学中国文学硕士、台湾清华大学中国文学博士毕业。1996年迄今于台湾暨南大学中文系任教。曾获首届北京大学王默人-周安仪世界华文文学奖、第四届单向街·书店文学奖、第二届做書奖原创小说大奖、台北国际书展大奖小说奖、联合报文学奖、时报文学奖小说首奖、花踪文学奖马华文学大奖、联合文学小说新人奖等多项重要文学奖项。\n著有小说集《民国的慢船》《雨》《鱼》《犹见扶余》《南洋人民共和国备忘录》《土与火》《刻背》《乌暗暝》《梦与猪与黎明》，散文集《火笑了》《焚烧》，评论集《论尝试文》《华文小文学的马来西亚个案》《马华文学与中国性》《谎言或真理的技艺》《文与魂与体》等作品。'),(23,0,'[智利] 罗贝托·波拉尼奥','罗贝托·波拉尼奥（Roberto Bola·o，1953—2003）出生于智利，父亲是卡车司机和业余拳击手，母亲在学校教授数学和统计学。1968年全家移居墨西哥。1973年波拉尼奥再次回到智利投身社会主义革命却遭到逮捕，差点被杀害。逃回墨西哥后他和好友推动了融合超现实主义、达达主义以及街头剧场的“现实以下主义”（Infrarealism）运动，意图激发拉丁美洲年轻人对生活与文学的热爱。1977年他前往欧洲，最后在西班牙波拉瓦海岸结婚定居。2003年因为肝脏功能损坏，等不到器官移植而在巴塞罗那去世，年仅五十岁。\n波拉尼奥四十岁才开始写小说，作品数量却十分惊人，身后留下十部小说、四部短篇小说集以及三部诗集。1998年出版的《荒野侦探》在拉美文坛引起的轰动，不亚于三十年前《百年孤独》出版时的盛况。而其身后出版的《2666》更是引发欧美舆论压倒性好评，均致以...\n'),(24,1,'徐泉',NULL),(25,1,'朱景冬',NULL),(26,1,'杨向荣',NULL),(27,1,'赵德明',NULL),(28,1,'侯健',NULL),(29,1,'汪天艾',NULL),(30,0,'[阿根廷] 里卡多·皮格利亚','里卡多·皮格利亚（Ricardo Piglia,1940－2017），阿根廷作家，当代西班牙语文坛最重要的作家及文学评论家之一。所获重要奖项有：西班牙“文学评论奖”（2010）、委内瑞拉“罗慕洛?加列戈斯文学奖”（2011）、阿根廷作家协会“最高荣誉奖”（2012）和西班牙“福门托文学奖”（2015）。\r 1961年，皮格利亚从创作短篇起步，《弹弓》《我的朋友》《消失的光芒》各篇赢得罗亚?巴斯托斯、卡斯蒂略等前辈首肯，后结集出版《入侵》。长篇小说有《人工呼吸》《缺席的城市》《烈焰焚币》《夜间目标》以及《艾达之路》，此外还有散文、评论、剧本等大量作品。皮格利亚创作上受卡夫卡、乔伊斯、福克纳、海明威、博尔赫斯多位大师的影响，同时融入后现代作家的结构手法与叙事技巧，从观念与命运、国家与个人、政治与文化等多重角度回应了当下的社会现实。'),(31,1,'楼宇',NULL),(32,0,'[马来西亚] 黄锦树','黄锦树，马来西亚华裔，1967 年生于马来西亚柔佛州。于1986 年赴台求学，台湾大学中国文学系、淡江大学中国文学硕士、台湾清华大学中国文学博士毕业。1996 年迄今于台湾暨南大学中文系任教。曾获联合文学小说新人奖、联合报文学奖、时报文学奖小说首奖、花踪文学奖马华文学大奖、台北国际书展大奖小说奖等多项重要文学奖项。\n著有小说集《鱼》《犹见扶余》《南洋人民共和国备忘录》《土与火》《刻背》《乌暗暝》，散文集《火笑了》《焚烧》，论文集《华文小文学的马来西亚个案》《马华文学与中国性》《谎言或真理的技艺》《文与魂与体》等。'),(33,0,'[古巴] 吉列尔莫·卡夫雷拉·因凡特','【作者】吉列尔莫·卡夫雷拉·因凡特（Guillermo Cabrera Infante，1929—2005），古巴国宝级作家，拉丁美洲第二代新小说家代表人物，于1997年获得塞万提斯文学奖。早年从事电影评论工作，1960年开始文学创作，小说《热带黎明景色》获西班牙\"简明丛书奖\"。1965年流亡国外，后加入英国国籍、定居伦敦。代表作有《三只忧伤的老虎》《因凡特的哈瓦那》《神圣的烟草》等。\n【译者】范晔，七七年七月生，象寄门下临深履薄堂仓皇右使。猫科动物之友。任教于北京大学外国语学院西葡语系，译有《百年孤独》《万火归一》《致未来的诗人》《未知大学》等西语文学作品数种。'),(34,1,'范晔',NULL),(35,0,'[西班牙]哈维尔·塞尔卡斯','哈维尔•塞尔卡斯（1962— ），西班牙作家，生于卡塞雷斯省，毕业于巴塞罗那自治大学文哲系。他先后在美国伊利诺伊大学和西班牙赫罗纳大学任教。此外，他为《国家报》等报纸杂志撰稿。他力图打破文学类别的限制，将小说、散文、自传和新闻报道等文学体裁融会贯通。2015年凭借《骗子》获得“21世纪年度最佳外国小说”和“邹韬奋年度外国小说”奖。\n侯健，文学博士，西安外国语大学欧洲学院西班牙语专业教师、拉丁美洲研究中心成员、中国拉丁美洲学会理事、文学翻译者。译有《普林斯顿文学课》《五个街角》《33场革命》等书。'),(36,1,'候健',NULL),(37,0,'[哥伦比亚] 胡安·加夫列尔·巴斯克斯','胡安·加夫列尔·巴斯克斯（Juan Gabriel Vásquez，1973— ），哥伦比亚作家，曾于1996-1998年在法国索邦大学学习拉丁美洲文学。2004年，他的小说《告密者》(Los informantes)出版后获得广泛好评，2007年出版《科斯塔瓦纳秘史》（Historia secreta de Costaguana），2011年出版的《坠物之声》（El ruido de las cosas al caer）获西班牙丰泉小说奖、国际都柏林文学奖。2015年出版《废墟之形》（La forma de las ruinas），入围曼布克国际文学奖短名单。此外，还创作有短篇集《万圣节的情人们》(Los amantes de Todos los Santos)、《为火而歌》（Canciones para el incendio）等。他的作品已被翻...\n'),(38,1,'谷佳维',NULL),(39,0,'(墨)卡洛斯·富恩特斯','卡洛斯·富恩特斯（Carlos Fuentes），1928年出生于墨西哥外交官家庭，西班牙语世界最著名的散文家及小说家之一，深刻影响了当代拉丁美洲文学。1953年发表短篇小说集《假面具的日子》，初露锋芒；1959年发表第一部长篇小说《最明净的地区》，一举成名；使富恩特斯享誉世界的是1962年发表的《阿尔特米奥•克罗斯之死》，受到拉美文坛的普遍好评，被认为是一部“最为全面、最为完美、成就最为显著的小说”。1967年，富恩特斯获西班牙简明丛书文学奖，此后陆续获委内瑞拉加列戈斯奖（1977年），墨西哥雷耶斯奖（1979年），塞万提斯奖（1987年），尼加拉瓜总统授予的鲁文•达里奥文化独立勋章（1988年），西班牙梅嫩德斯•佩拉约国际奖（1992年），智利优质勋章（1993年）、美国洛杉矶加利福尼亚大学颁发的奖章（1993年），西班牙阿斯图里亚斯王子文学奖（...\n'),(40,1,'亦潜',NULL),(41,0,'[西班牙] 路易斯·塞尔努达','塞尔努达（Luis Cernuda，1902-1963），西班牙诗人。他出生于南方的塞维利亚，从小对诗歌有浓厚兴趣。在塞维利亚大学获法学学士学位，但从未做过律师或法官。在诗人萨利纳斯的影响下开始在杂志上发表诗作。在马德里结识洛尔迦和阿雷克桑德雷等诗人，后因西班牙内战流亡英、美、墨，直至去世未能回国。塞尔努达是“2 7一代”中一个有争议的成员，欧洲诗歌传统对他影响甚深，而他的创作也深深影响了几代西班牙诗人。'),(42,0,'[法] 洛特雷阿蒙','洛特雷阿蒙（Lautréamont，1846—1870），法国诗人，本名伊齐多尔·迪卡斯（Isidore Ducasse），生于乌拉圭，父母均为法国移民。1859年被送回法国上学，不久开始写诗。《马尔多罗之歌》的第一支歌于1868年匿名发表，1869年，全书付印，只是出 版商震惊于内容的大胆，拒绝发行。1870年，又出版了两册《诗》，这就是他全部的创作了，同年11月在巴黎去世，年仅二十四岁。洛特雷阿蒙不多的创作对现代艺术与文学，尤其是超现实主义者产生了巨大影响，被称为“大天使般的爆破手”。\n车槿山，北京大学中文系比较文学与比较文化研究所教授，博导，著有《二十世纪法国文学史》（合著），译有《后现代状态》《象征交换与死亡》等。'),(43,1,'车槿山',NULL),(44,0,'[阿根廷] 胡里奥·科塔萨尔','胡利奥•科塔萨尔\n(1914-1984)\n阿根廷作家，拉美“文学爆炸”的代表人物之一，短篇小说大师。1951年移居法国，曾任联合国教科文组织译员。1963年以长篇小说《跳房子》震惊文坛，同时著有多部短篇小说集、诗集、一部研究济慈的专著，以及若干文体上难以归类的作品。他热爱爵士乐，曾一度支持古巴革命。《克罗诺皮奥与法玛的故事》是其最有趣最受读者喜爱的一部作品。\n“每当想到科塔萨尔的名字，”《西语美洲文学史》的作者奥维耶多说，“人们脑海中浮现的第一个词是：‘fascinante（迷人的）’。”\n范晔\n七十年代生，西班牙语文学博士，任教于北京大学西葡语系。译有《百年孤独》、《万火归一》，以及西班牙和拉美诗歌、散文、短篇小说数种，收录于《纸上的伊比利亚》、《镜中的孤独迷宫》二书中。'),(45,0,'[墨西哥] 胡安·鲁尔福','胡安·鲁尔福(1918—1986) 墨西哥著名作家，被誉为“拉丁美洲新小说的先驱”。鲁尔福的小说反映了墨西哥的农村风貌、农村阶级压迫和不公正现象，立意深刻，艺术形式多有创新。1955年，他发表中篇小说《佩德罗·巴拉莫》，这部小说迄今仍被认为是拉丁美洲文学的巅峰小说之一，在世界各国广为流传。\n屠孟超(1935— ) 南京大学西班牙语教授，曾留学墨西哥。翻译出版了《熙德之歌》、《塞莱斯蒂娜》、《卢卡诺尔伯爵》、《人生如梦》、《庭长夫人》、《贝比塔·希梅内斯》、《芦苇和泥淖》、《堂吉诃德》等西班牙、拉美文学名著二十余部，计五百多万字。'),(46,1,'屠孟超',NULL),(47,0,'[意] 伊塔洛·卡尔维诺','伊塔洛•卡尔维诺(Italo Calvino,1923—1985)\n意大利当代最具有世界影响的作家。于1985年获得诺贝尔文学提名，却因于当年猝然去世而与该奖失之交臂。但其人其作早已在意大利文学界乃至世界文学界产生巨大影响。\n卡尔维诺从事文学创作40年，一直尝试着用各种手法表现当代人的生活和心灵。他的作品融现实主义、超现实主义与后现代主义于一身，以丰富的手法、奇特的角度构造超乎想像的、富有浓厚童话意味的故事，深为当代作家推崇，并给他们带来深刻影响。《我们的祖先》三部曲、《命运交叉的城堡》、《帕洛马尔》等达到惊人的艺术高度和思想深度。《意大利童话》最大限度地保持了意大利民间口头故事的原貌，艺术价值和学术价值兼具，是再现意大利“民族记忆”之深厚积淀的不可多得的作品。《美国讲稿》是卡尔维诺对自己近40年小说创作实践的丰富经验进行的系统回顾和理论上的总结与阐...\n'),(48,1,'吴正仪',NULL),(49,0,'[巴西] 马沙多·德·阿西斯','著者简介\n马沙多·德·阿西斯（Machado de Assis，1839-1908），巴西最伟大的作家之一。出生于里约热内卢，只上过小学，自学掌握了法语、英语、德语和希腊语等。一生著作甚丰，涵盖诗歌、戏剧、评论、小说等领域，而奠定其文坛独尊地位的是他的长篇小说，尤其是《布拉斯·库巴斯死后的回忆》《金卡斯·博尔巴》《堂卡斯穆罗》构成的“幻灭三部曲”。1896年，他创建了巴西文学院，并任院长。大评论家哈罗德·布鲁姆将他列入了“100位文学天才”榜单。\n译者简介\n李淑廉、翁怡兰，均于1960年就读于北京广播学院外语系葡萄牙语专业，并在澳门葡文班进修两年；1965年在中国国际广播电台工作，后被调往外交部，在巴西大使馆及总领馆等处任职；1990年被调至深圳，后被外派智利。他们在学校中相识，工作中结为伉俪，合作翻译了《女奴》《富家女郎和她的情人》《幻灭三部曲》《...\n'),(50,1,'翁怡兰',NULL),(51,1,'林叶青',NULL),(52,0,'［巴拉圭］奥古斯托·罗亚·巴斯托斯','奥古斯托·罗亚·巴斯托斯 （Augusto Roa Bastos，1917—2005)\n巴拉圭著名小说家，20世纪重要的拉丁美洲作家之一，拉丁美洲“文学爆炸”代表人物，著有多部小说、电影剧本与诗集，代表作有《人子》《我，至高无上者》《检察官》等，1989年获有“西语文学大奖”之称的塞万提斯奖。\n巴斯托斯的作品多写于流亡期间，以巴拉圭的政治压迫和社会斗争为背景，尝试捕捉祖国人民内在的脆弱性和悲剧因素。他的作品多使用瓜拉尼语化的西班牙语，其充满幻想的叙述与巴拉圭本土的文化和神话符号相融合，形成了独具特色的魔幻现实主义风格。'),(53,1,'吕晨',NULL),(54,0,'[英]约瑟夫·康拉德','约瑟夫•康拉德，波兰裔英国作家，早年间是一名海员，在二十多岁时仍无法流利地使用英语，然而，他以非母语使用者的身份，为英语文学注入了独特的敏锐情感，其代表作《黑暗的心》《吉姆爷》在英国文学史上有突出的地位，成为影响了老舍、海明威、博尔赫斯、卡尔维诺、马尔克斯、艾略特、伍尔夫、贝娄、奈保尔等大批名家的文体大师。'),(55,1,'徐成',NULL),(56,0,'[乌拉圭] 马里奥·莱夫雷罗','作者：马里奥·莱夫雷罗\n（Mario Leverero，1940-2004）\n乌拉圭作家、书商、摄影师、漫画脚本作家、文学工坊总监。\n他一生创作了十二部长篇小说和若干个短片小说。他在1970年出版了第一部长篇小说《城市》，之后又出版了《那个地方》（1982）和《巴黎》（1979），共同组成“不由自主三部曲”，可谓诞生于他内心深处的一场卡夫卡式的激烈冒险。之后，《空洞的话语》（1994）和《发光的小说》（2005）则细致、精湛地记录了他在科洛尼亚和蒙得维的亚的经历。\n《猎兔》（1973）可视作莱夫雷罗作品的一次飞跃。它融入了作者在讽刺杂志上尽情挥洒的幽默（假以各种笔名），并且模糊了他的创作边界。\n他曾于80年代中期前往布宜诺斯艾利斯，在返回乌拉圭时收获了一小批狂热的读者，逝世之后，作为二十世纪下半叶不可或缺的拉美作家，被出版集团重新挖掘。\n绘者：索尼娅...\n'),(57,1,'施杰',NULL),(58,1,'毕艳红',NULL),(59,0,'[墨西哥]劳拉·埃斯基韦尔','劳拉·埃斯基韦尔（1950 — ），墨西哥著名作家、编剧，生于墨西哥城。代表作《恰似水于巧克力》畅销全球，为墨西哥文学和拉美文学获得了世界性声誉。她因此被评论家誉为“厨房文学”的开创者。\n由她执笔改编的电影《巧克力情人》亦创造了影史奇迹，除了获得墨西哥电影科学与艺术科学院阿列尔电影奖的所有奖项，还获得了美国金球奖最佳外语片奖等十几项国际大奖。'),(60,0,'[乌拉圭] 爱德华多·加莱亚诺','爱德华多·加莱亚诺（1940-2015），乌拉圭文学大师。生于蒙得维的亚，14岁时发表政治漫画，20岁起先后担任过记者、编辑、主编，23岁来到中国采访末代皇帝溥仪。曾被军政府逮捕入狱，后长期流亡。1985年才回到祖国。因其犀利透彻、充满良知的写作，被誉为“拉丁 美洲的声音”。2009年美洲峰会上，委内瑞拉前总统查韦斯将加莱亚诺代表作《拉丁美洲被切开的血管》送给时任美国总统的奥巴马，引发全世界媒体关注。2015年4月13日，加莱亚诺因病去世，乌拉圭举国哀悼。他的作品《拉丁美洲被切开的血管》《足球往事：那些阳光与阴影下的美丽》等，在中国读者当中曾产生过广泛影响。\r －译者－\r 汪天艾，西班牙语诗歌译者、研究者。供职于中国社会科学院外国文学研究所，任《世界文学》编辑。北京大学西班牙语语言文学学士，伦敦大学国王学院比较文学硕士，马德里自治大学西班牙文学...\r '),(61,0,'[阿根廷]阿莱杭德娜•皮扎尼克','阿莱杭德娜•皮扎尼克（Alejandra Pizarnik, 1936-1972）\n拥有俄罗斯和斯拉夫血统的犹太裔阿根廷诗人，1936年4月29日出生于布宜诺斯艾利斯。自幼长期受失眠和幻觉困扰，药物依赖严重，少女时代开始接受精神分析。19岁出版第一本诗集，青年时代旅居巴黎数年，曾在索邦学习并翻译法国诗人的作品，与帕斯、科塔萨尔等作家建立了深刻友情。曾获布宜诺斯艾利斯市年度诗歌奖一等奖，美国古根海姆和富布莱特基金会的资助。生命最后几年因抑郁症和自杀倾向多次进出精神病院，1972年9月25日在布宜诺斯艾利斯吞下50粒巴比妥类药物去世，时年36岁。\n汪天艾\n西班牙语诗歌译者、研究者。供职于中国社会科学院外国文学研究所，任《世界文学》编辑。北京大学西班牙语文学学士，伦敦大学国王学院比较文学硕士，马德里自治大学西班牙文学博士。译著有《奥克诺斯》《爱与战争的日日...\n'),(62,0,'[意] 卢卡•卡伊奥里','卢卡•卡伊奥里，1958年生于米兰，意大利著名体育记者、作家。在其三十多年职业生涯中，卡伊奥里在意大利、法国、西班牙的媒体做体育报道，尤其是足球报道。在意大利，他为《宣言报》、《共和国报》、《意大利晚邮报》、《米兰体育报》、意大利天空电视台工作；在英国，他与格兰纳达电视台合作；在法国，他曾担任欧洲新闻电视台体育部主任，目前仍在做国际体坛报道。\n自2001年以来，卢卡•卡伊奥里定居西班牙，与西班牙国际广播电台、西班牙电视六台、《马卡报》等西班牙媒体合作。迄今，他已出版多位足球明星传记，包括罗纳尔迪尼奥、齐达内、梅西、本泽马、托雷斯、小罗纳尔多、内马尔等，其作品已经翻译成三十五种语言在全球出版。'),(63,0,'[乌拉圭] 马里奥·贝内德蒂','马里奥·贝内德蒂（Mario benedetti,1920——2009）\r 乌拉圭诗人、小说家、剧作家和文学批评家。乌拉圭文坛“四五一代”（Generación del 45）的中坚分子。\r 贝内德蒂于1920 年出生于乌拉圭塔夸伦博省的帕索德罗斯托罗斯（Paso de los Toros）。早年经历坎坷，曾从事过售货员、速记员、 出纳、记者、翻译和公务员等职业。\r 1954年进入《前进》周刊，在1954—1960年期间，曾先后三次担任该刊物主编。1967—1971年，任职于古巴政府的国际文化机构。1971年回到乌拉圭。1973 年 7 月，乌拉圭发生军事政变，开始黑暗的独裁统治时期。贝内德蒂离开乌拉圭，开始长达十二年的流亡生活，辗转于阿根廷、秘鲁、古巴和西班牙。1985年回国，此后在蒙得维的亚和马德里两地生活。\r 贝内德蒂的作品主要以城市为背景，...\r '),(64,1,'韩烨',NULL),(65,1,'徐恬',NULL),(66,0,'[阿根廷] 罗伯特·阿尔特','罗伯特·阿尔特（Roberto Arlt，1900—1942)，出身于阿根廷普鲁士移民家庭，成长于城市拥挤的廉租房。16岁离开家后，他当过书店职员、铁匠学徒、油漆工、焊工等，直至于布宜诺斯艾利斯《世界报》任职。作为一位记者，阿尔特描绘了布市丰富而生动的生活；作为一位发明家，他获得了防止女性丝袜滑落的专利。1942年，阿尔特因病去世，有《七个疯子》《喷火器》《愤怒的玩偶》等小说和戏剧作品数部传世。\nNone\n译者简介：\n夏婷婷，上海大学外国语学院西班牙语教师，上海大学全球问题研究院拉美研究中心研究员，研究方向为拉丁美洲史和拉美文化。译有《饥饿》（合译）、《阿帕奇：寻找卡洛斯·特维斯》。'),(67,1,'夏婷婷',NULL),(68,1,'欧阳石晓',NULL),(69,0,'[阿根廷]埃内斯托·萨瓦托','埃内斯托·萨瓦托（Ernesto Sabato，1911—2011)，阿根廷著名作家、画家、物理学家，1984年塞万提斯文学奖获得者。代表作有“心理小说三部曲”（《隧道》《英雄与坟墓》《毁灭者亚巴顿》）、回忆录《终了之前》等。\nNone\n译者简介：\n陈华，就职于深圳大学外国语学院。先后留学于古巴、秘鲁、西班牙，博士毕业于马德里自治大学。译有《三个世界的西班牙人》和《摩托日记》。'),(70,1,'陈华',NULL),(71,0,'【墨西哥】卡洛斯·富恩特斯','卡洛斯·富恩特斯（Carlos Fuentes,1928--2012）\r 墨西哥国宝级作家，世界著名小说家、散文家。与加西亚·马尔克斯、巴尔加斯·略萨、胡利奥·科塔萨尔并称“拉丁美洲文学爆炸”四大主将。\r 富恩特斯生于墨西哥一个外交官家庭，祖籍德国。童年和青少年在美国、智利和阿根廷求学；大学期间，在国内攻读法律，长期供职外交界，曾于1975--1977年任墨西哥驻法国大使。\r 以处女作短篇小说集《戴假面具的日子》为起点，富恩特斯一生共创作了六十余部作品。其作品视野广阔，涵盖历史、伊比利亚美洲、左派、墨西哥、政治、时间、排外等不同主题。主要作品有小说《最明净的地区》（1958）、《阿尔特米奥·克罗斯之死》（1962）、《换皮》（1967）、《我们的土地》（1975）、《美国老人》（1985）、《鹰的王座》（2002）、《所有的家庭都幸福》（2006...\r '),(72,1,'张蕊',NULL),(73,0,'[墨西哥] 卡洛斯·富恩特斯','卡洛斯·富恩特斯（Carlos Fuentes）当代墨西哥国宝级作家，也是西班牙语世界最著名的小说家及散文家之一，于一九二八年出生在墨西哥一个外交官的家庭，从小跟随父母去过许多国家。由于从小接受的是良好的教育，他对西方古代和现代文明都有较深的了解，对拉丁美洲的落后的原因也有较深刻的探究。看到欧美高科技的发展与拉美的落后的差距，他对自己的祖国具有强烈的忧患意识。当他成了作家以后，总是力图用自己的作品来抨击墨西哥社会的弊端，发掘并弘扬墨西哥民族的传统文化和墨西哥民族的根。一生著有六十余部作品，曾获拉丁美洲最富盛名的罗慕洛·加列戈斯国际小说奖、西班牙语文学最高奖项塞万提斯奖，以及阿斯图里亚斯亲王奖。多年来都是呼声很高的诺贝尔文学奖候选人。2012年5月15日，病逝于墨西哥城。墨西哥以国丧礼遇向其致敬。'),(74,0,'[西班牙]曼努埃尔·比拉斯','曼努埃尔·比拉斯（Manuel Vilas），西班牙当代作家。1962年出生于阿拉贡（Aragón）自治区韦斯卡省（Huesca）的小镇——巴尔巴斯特罗（Barbastro）。受到法国象征主义文学启发之后，比拉斯自80年代开始出版诗作，随后投入到小说、散文等文体的创作。2018年他凭借作品《奥德萨》获得法国费米娜（Premio Femina）外国小说奖，2019年凭借《喜悦》入围西班牙行星奖（Premio Planeta de Novela）决赛。目前他是《先锋报》（La Vanguardia）、《国家报》（El País）和《ABC报》等报纸文化版面的特约专栏作家。\n张雅惠，西班牙格拉纳达大学比较文学暨文学理论博士，任教于厦门大学外文学院西班牙语专业。长年从事中西比较文学、西语文学和翻译研究。'),(75,1,'张雅惠',NULL),(76,1,'路燕萍',NULL),(77,0,'[阿根廷]萨曼塔·施维伯林','萨曼塔•施维伯林（Samanta Schweblin），1978年出生于阿根廷布宜诺斯艾利斯。2001年，她的第一本短篇小说集《骚动的心》获得了阿根廷国家艺术基金会奖和哈罗德•孔蒂全国文学大赛一等奖。2008年，第二部短篇小说集《吃鸟的女孩》获得美洲之家奖，并被翻译成十三种语言。曾在多地短期生活、写作，如墨西哥、意大利、中国和德国。2011年，萨曼塔•施维伯林入选《格兰塔》杂志“最佳西班牙语青年作家”榜单。'),(78,1,'姚云青',NULL),(79,0,'（法）乔治·佩雷克','乔治·佩雷克（Georges Perec，1936—1982），法国当代著名先锋小说家，乌力波（Oulipo，即潜在文学工场）核心成员之一。其作品以任意交叉、错结的情节和独特的叙事风格见长，充满各种语言游戏，挑战写作极限。代表作有《物》《W或童年回忆》《字母表》《生活使用说明》等，被意大利作家卡尔维诺誉为“超越性小说”的代表作家。2017年，其作品入选“七星文库”。\n唐洋洋，法语译者，译有乔治·佩雷克《萨拉热窝谋杀案》等。'),(80,1,'唐洋洋',NULL),(81,0,'[古巴] 阿莱霍·卡彭铁尔','阿莱霍·卡彭铁尔（1904—1980），古巴著名小说家、新闻记者、音乐理论家、文学批评家、外交官，拉丁美洲文坛巨匠，“文学爆炸”的先驱。他在《人间王国》的序言中首次提出“神奇现实”的概念，将超现实主义和本地化融为一体，全面地反映了拉美大陆的现状，对拉美文学的发展起到了巨大的推动作用，被马尔克斯、富恩特斯、略萨等一批大师尊为拉丁美洲小说的先行者。文学之外，他在历史、哲学、音乐、建筑、绘画等方面皆有颇高造诣，是一位难得的百科全书式作家。\n1927年，卡彭铁尔因反对当时的古巴独裁统治而被捕，在短暂的坐牢期间开始写作第一部长篇小说《埃古-扬巴-奥》。1959年古巴革命胜利，卡彭铁尔结束流亡回到国内，成为古巴文学艺术界的领军人物。他创作的作品包括长篇小说《人间王国》《光明世纪》《消逝的足迹》，短篇小说集《时间之战》以及几部音乐、文学评论集等。由于他在文学事业上...\n'),(82,1,'盛力',NULL),(83,0,'[俄] 伊萨克·巴别尔','伊萨克·巴别尔（1894-1940），前苏联籍犹太族作家、短篇小说家。全名伊萨克·埃玛努伊洛维奇·巴别尔，笔名巴布埃尔·基墨尔·柳托夫。1894年7月13日生于奥德萨。代表作是短篇小说集《骑兵军》，其中以《我的第一只鹅》最为著名。\n1939年在前苏联的“大清洗“指控为间谍，1940年被枪杀，1954年被苏联当局平反。\nNone\n1986年，《欧洲人》杂志选出100位世界最佳小说家，巴别尔名列第一。'),(84,1,'戴骢',NULL),(85,0,'[奥]约瑟夫·罗特（Joseph Roth）','约瑟夫·罗特 (Joseph Roth1894-1939) 是可以和卡夫卡、穆齐尔相提并论的重要德语作家，堪称作家中的作家，深受多位文学名家推崇。罗特出生于奥匈帝国东部边境的犹太家庭，曾参加第一次世界大战，战后作为记者为维也纳不同报社写稿，成为二三十年代德语世界的明星记 者 ，曾就职于《法兰克福报》其代表作《拉德茨基进行曲》更是现代德语文学中关于“哈布斯堡神话”的标志性作品，是两次世界大战之间写成的最优秀的长篇小说之一，收入《理想藏书》，位列德语文学作品前十名。\n刘炜，奥地利萨尔茨堡大学德语文学专业博士，现任复旦大学外文学院副院长、德语系副系主任。从事奥地利德语文学中的“哈布斯堡神话”及德语流亡文学研究多年。\n姚敏多，北京大学外国语学院德语系毕业， 2012年获德语语言与文学专业硕士学位。现就读于柏林自由大学德语文学专业，进行关于约瑟夫·罗特作品的博...\n'),(86,1,'刘炜',NULL),(87,0,'[捷克] 卡雷尔·恰佩克','卡雷尔·恰佩克（1890-1938）是捷克斯洛伐克于一九一八年建国后的二十年中，很重要的小说家、剧作家、专栏作家和批评家。他生于捷克一个乡村医生家庭，从查理大学哲学系毕业后任新闻记者并开始文学创作。1921年后陆续出版科幻性作品。他在《罗素姆的全能机器人》中发明了文学意义上的机器人，他写的轻侦探小说广受欢迎，也是个幽默的专栏作家，在《鲵鱼之乱》中又展现了他深刻讽刺科学与现代性的特点。\n舒荪乐,1985年生，供职于中国社会科学院外国文学研究所，主要从事东欧文学研究。代表译著有：《遗忘的梦境：查特·盖佐短篇小说精选》、马洛伊·山多尔的《草叶集》和《分手在布达》。\n蒋文惠，跨文化交流硕士（加拿大皇家大学）、英国语言与文化学士（北京大学。2010年移居加拿大维多利亚。现从事翻译与跨文化交流促进活动。因热爱与机缘，2005年起涉足文学翻译，译作包括《伦勃朗》、...\n'),(88,1,'舒荪乐',NULL),(89,0,'[俄]布尔加科夫','布尔加科夫，俄罗斯魔幻现实主义作家，戏剧家，是20世纪俄罗斯文学界的经典作家，出生于1891年5月15日，逝世于1940年3月10日，布尔加科夫的代表作品有《大师和玛格丽特》《狗心》《不祥的蛋》。布尔加科夫善于运用讽刺的写作手法，作品极其幽默，可读性强，藉由喜剧讽刺故事的悲剧性主题，非常发人深省，笑中带泪，喻古讽今，他是俄罗斯文学史上少见的魔幻现实主义作家，比拉美魔幻现实主义文学还要早的开拓者。布尔加科夫创作的戏剧如今还在莫斯科艺术大剧院上演，这足以证明布尔加科夫成就的伟大与文学价值的经典。\n译者徐昌翰是黑龙江省社科院文学所所长，资深俄语翻译家，译有《大师与玛格丽特》等作品。'),(90,1,'徐昌翰',NULL),(91,0,'[法] 塞利纳','路易-费迪南•塞利纳（Louis-Ferdinand Céline 1894－1961），法国天才小说家和医生， 20世纪最有影响的作家之一，代表作有《茫茫黑夜漫游》《死缓》《一座城堡到另一座城堡》《北方》等。他通过运用新的写作手法，使得法国乃至整个世界文学走向现代。 法国当代著名文学评论家菲利普•索莱尔斯认为20世纪法国虽有不少优秀的作家,但真正的大师却只有两位，那就是普鲁斯特和塞利纳，他认为，“塞利纳凭借着自己炉火纯青的技艺留下了许多部杰作，譬如《一座城堡到另一座城堡》和《北方》，在我看来，这两本书超过了《茫茫黑夜漫游》和《死缓》。”。塞利纳对杰克•凯鲁亚克、让-保罗•萨特、雷蒙•格诺、让•热内以及众多当代作家都产生过深刻影响，罗兰•巴特、阿兰•罗伯-格里耶、昆德拉，以及索尔•贝娄、略萨、萨缪尔•贝克特、克洛德•西蒙、让-马里•古斯塔夫•勒克莱齐...\n'),(92,1,'金龙格',NULL),(93,0,'胡安·拉蒙·希梅内斯','胡安·拉蒙·希梅内斯（Juan Ramón Jiménez，1881—1958），西班牙诗人，1956年诺贝尔文学奖获得者。代表作有《悲哀的咏叹调》、《天空与石头》等。'),(94,0,'［爱尔兰］萨缪尔·贝克特','萨缪尔·贝克特（Samuel Beckett），1906年4月13日生于都柏林南郊的福克斯罗克，1989年12月22日逝于巴黎。侨居法国的爱尔兰小说家、戏剧家、诗人，同时用英文和法文进行创作，1969年因其作品“以新的小说和戏剧的形式从现代人的窘困中获得崇高”而荣膺诺贝尔文学奖。\n余中先，中国社会科学院外国文学研究所研究员，《世界文学》前主编，中国社会科学院研究生院博士生导师。现受聘为厦门大学讲座教授。北京大学毕业，曾留学法国，在巴黎第四大学获得文学博士学位。长年从事法语文学作品的翻译、评论、研究工作，翻译介绍了奈瓦尔、克洛代尔、阿波利奈尔、贝克特、西蒙、罗伯－格里耶、萨冈、昆德拉、勒克莱齐奥、图森、艾什诺兹等人的小说、戏剧、诗歌作品。被法国政府授予文学艺术骑士勋章。'),(95,0,'[波兰]塔杜施·博罗夫斯基','塔杜施·博罗夫斯基（Tadeusz Borowski，1922—1951），波兰著名天才作家，曾身陷纳粹奥斯威辛集中营和其他集中营。战后立即发表两本短篇本小说集《告别玛丽亚》（Pozegnaniez Maria，1946）和《石头世界》（1948）。因战时的亲身经历、所见所闻和战后的文坛气氛均令他绝望，在不满二十九岁时自杀身亡。\n杨德友，1938年生于北京。山西大学外语系教授。从事翻译多年，范围涉及小说、诗歌、戏剧、宗教哲学等，译著在中国国家图书馆（NLC）藏有约30种。曾在美国三所大学讲授中国文化。64岁获波兰政府传播波兰文化成就奖，71岁获中国翻译协会资深翻译家表彰。'),(96,1,'杨德友',NULL),(97,0,'(俄罗斯) 奥莉嘉· 伊文斯卡娅','奥莉嘉·伊文斯卡娅（1912-1995）  苏联著名文学期刊《新世界》编辑，译者，回忆录作者。帕斯捷尔纳克的人生伴侣和缪斯，《日瓦戈医生》女主人公“拉拉”原型。后成为文艺界著名的沙龙女主人。著有关于帕斯捷尔纳克的回忆录，诗作在身后出版。\n伊琳娜·叶梅利亚诺娃（1938- ）  奥莉嘉·伊文斯卡娅与第一任丈夫伊万·叶梅利亚诺夫的女儿。音乐出版社文学编辑。一九八五年移居法国，在索邦大学授课。著有关于帕斯捷尔纳克、沙拉莫夫等人的回忆录。'),(98,1,'李莎',NULL),(99,0,'[奥地利] 罗伯特·穆齐尔','罗伯特·穆齐尔（Robert Musil，1880—1942），奥地利作家，代表作为长篇小说《没有个性的人》。'),(100,0,'[捷克]博胡米尔·赫拉巴尔','博胡米尔•赫拉巴尔，二十世纪很重要的捷克作家之一。生于一九一四年，法学博士，服过兵役，当过推销员、仓管员、炼钢工，等等。一九九七年死于意外。他历经和见证了二十世纪捷克历史的跌宕起伏，四十九岁时才得以出版头一部作品，一生创作无数，获得国内外奖项多达三十多个。他的作品经常被改编为电影和戏剧，与小说同名的电影《严密监视的列车》于一九六六年获奖；《我曾侍候过英国国王》于二〇一二年获得捷克国家电影奖“捷克狮”奖等四项大奖。其他代表作品有《绝对恐惧：致杜卞卡》《雪绒花的庆典》《温柔的野蛮人》《过于喧嚣的孤独》等。\n徐伟珠，一九六四年生于江苏省无锡市。一九九〇年毕业于布拉格查理大学哲学院语言文学专业。在捷克学习工作十余年。现为北京外国语大学捷克语专业副教授。翻译作品：《历史上的独裁者》《绞刑架下的报告》《洪水之后》《终极亲密》等。'),(101,1,'徐伟珠',NULL),(102,0,'[法] 玛格丽特·尤瑟纳尔','玛格丽特•尤瑟纳尔（Marguerite Yourcenar, 1903-1987）\n法语小说家、诗人、翻译家、文学批评家。\n法兰西学院首位女性“不朽者”，现当代法语文学重要的代表人物。\n一九〇三年出生于比利时布鲁塞尔，本名玛格丽特•安托瓦内特•让娜•玛丽•吉丝莱娜•克里韦纳克•德•克莱伊昂古尔，在法国长大，一九三九年移居美国。\n一九五一年发表历史小说《哈德良回忆录》，赢得国际声誉。一九六八年出版的《苦炼》获费米娜文学奖。\n一九七四年至一九八八年陆续出版自传体小说《世界迷宫》三部曲——《虔诚的回忆》、《北方档案》、《何谓永恒》。译有弗吉尼亚•吴尔夫的《海浪》、亨利•詹姆斯《梅西知道什么》等作品。\n一九七〇年当选比利时皇家文学院院士。一九八〇年成为法兰西学院首位女院士。一九八七年当选美国文理科学院院士。曾获得法兰西学院大奖、荷兰伊拉斯谟奖、摩纳哥皮埃尔...\n'),(103,1,'陈筱卿',NULL),(104,0,'[俄]安德烈·普拉东诺夫','安德烈•普拉东诺夫，俄国著名作家，20世纪俄罗斯文学史上一个独特现象。其文风犀利，具有极强的穿透力。\r '),(105,1,'池济敏','池济敏，四川大学外国语学院副院长，副教授，文学博士。中国俄语教学研究会理事。'),(106,0,'(墨西哥)卡洛斯·富恩特斯','当代墨西哥国宝级作家，也是西班牙语世界最著名的小说家及散文家之一，与文学巨擘加西亚•马尔克斯、巴尔加斯•略萨以及胡里奥•科塔萨尔并称“拉美文学爆炸”四主将。\n1928年11月11日出生于巴拿马，父亲是墨西哥外交官，自幼跟随父母辗转世界各地，深受不同文化熏陶。16岁返回墨西哥生活。1950年，大学毕业，赴日内瓦深造，同时利用业余时间勤奋写作。1972至 1976年，出任墨西哥驻法国大使。\n1959年首部长篇小说《最明净的地区》出版，一举成名，由此开始了被他称为“时间的年龄”系列文学创作过程。一生著有六十余部作品，曾获拉丁美洲最富盛名的罗慕洛•加列戈斯国际小说奖、西班牙语文学最高奖项塞万提斯奖，以及阿斯图里亚斯亲王奖。\n2012年5月15日，病逝于墨西哥城。墨西哥以国丧礼遇向其致敬。'),(107,1,'裴达仁',NULL),(108,0,'[古巴]西里洛·维亚贝尔德','西里洛·维亚贝尔德（Cirilo Villaverde），古巴著名作家、新闻记者，1812年出生于古巴圣迭戈，1894年在美国纽约逝世，终年82岁。《塞西丽娅·巴尔德斯》第一卷写于1839年，全书完稿于1882年。关于这部小说，1993年西班牙马德里联盟出版社出版的《西班牙暨西班牙美洲文学辞典》中如是评价：“从情节可以看出该作品属于风俗主义文学的范畴，受到欧洲浪漫主义文学的影响，也有现实主义文学的印记。历史浪漫主义、伤感浪漫主义和社会浪漫主义的和声处处可闻，但占据主导地位的还是风俗主义的笔法。评论界认为这部作品是十九世纪古巴叙事文学的代表。”此外，西里洛·维亚贝尔德还创作了两部长篇小说《两桩爱情故事》和《悔过者》，前者于1858年问世，后者出版于1889年，均受到好评。'),(109,1,'徐少军',NULL),(110,0,'[古巴] 何塞·马蒂','何塞·马蒂（José Martí，18531895），古巴卓越的诗人、杰出的民族英雄、伟大的思想家。青少年时代即投身解放运动。1869年被捕，次年流放西班牙。1875年回到美洲。1878年参加古巴反对西班牙殖民者的斗争。1892年创建古巴革命党，被选为党代表。1895年发动和领导古巴独立战争，4月率起义军在古巴东海岸登陆，5月19日在多斯里奥斯战役中阵亡。\n马蒂的诗歌和散文在古巴、拉美乃至世界文学史上占有重要位置，是拉美现代主义的开路先锋和代表之一。主要作品有《伊斯马埃利约》、《纯朴的诗》等。'),(111,1,'毛金里 等',NULL),(112,0,'[俄]苔菲','苔菲，白银时代著名的幽默小说作家，以幽默短篇小说闻名。'),(113,1,'黄玫',NULL),(114,0,'（俄）伊琳娜·鲍加特廖娃',NULL),(115,1,'侯玮红',NULL),(116,0,'姚慕生',NULL);
/*!40000 ALTER TABLE `author` ENABLE KEYS */;
UNLOCK TABLES;

--
-- Table structure for table `book`
--

DROP TABLE IF EXISTS `book`;
/*!40101 SET @saved_cs_client     = @@character_set_client */;
/*!50503 SET character_set_client = utf8mb4 */;
CREATE TABLE `book` (
  `book_id` bigint NOT NULL,
  `title` varchar(45) NOT NULL,
  `publish_date` datetime DEFAULT NULL,
  `price_standard` decimal(10,2) DEFAULT NULL,
  `price_vip` decimal(10,2) DEFAULT NULL,
  `score` decimal(3,1) DEFAULT NULL,
  `edition` varchar(45) DEFAULT NULL,
  `storage` int DEFAULT NULL,
  `class_id` int DEFAULT NULL,
  `press_id` bigint DEFAULT NULL,
  `introduction` varchar(2000) DEFAULT NULL,
  PRIMARY KEY (`book_id`),
  KEY `classification_id_idx` (`class_id`),
  KEY `press_id_idx` (`press_id`),
  CONSTRAINT `classification_id` FOREIGN KEY (`class_id`) REFERENCES `book_class` (`class_id`) ON DELETE RESTRICT ON UPDATE CASCADE,
  CONSTRAINT `press_id` FOREIGN KEY (`press_id`) REFERENCES `press` (`press_id`)
) ENGINE=InnoDB DEFAULT CHARSET=utf8mb3;
/*!40101 SET character_set_client = @saved_cs_client */;

--
-- Dumping data for table `book`
--

LOCK TABLES `book` WRITE;
/*!40000 ALTER TABLE `book` DISABLE KEYS */;
INSERT INTO `book` VALUES (9787020069323,'万火归一','2009-06-01 00:00:00',22.00,20.00,8.7,NULL,4,5,13,'《万火归一》是阿根廷文学大师胡利奥·科塔萨尔最具代表性的短篇小说集，由八个短篇组成，每一篇都是传世名篇。\n他优雅细密、玄妙迷人的文字能像上帝的手一样翻云覆雨，复制人类感觉与意识的质地，将你带入一个时空交错，如梦似幻的世界。\n《南方高速》临摹的是因车流被阻滞在高速公路多日而形成的一个临时微型社会里各色人等的心理群像。《会合》里那些幽微而极富诗情的意识流的主人是几度濒临绝境的切•格瓦拉。《万火归一》叠映了古罗马和现代两段同样魂销大火的三角恋情。《另一片天空》下，善感的“我”游荡在家庭、工作与露水情缘之间，神秘少年“南美佬”魅影般出没眼前，依稀竟是十九世纪法国诗人洛特雷阿蒙……'),(9787020086573,'阿尔特米奥·克罗斯之死','2011-08-01 00:00:00',38.00,30.00,8.3,'1',1,6,13,'这是一部以墨西哥革命为主要题材的经典小说，它使卡洛斯•富恩特斯享誉世界文坛。这部作品受到拉美文坛的普遍好评，认为这是一部“最为全面、最为完美、成就最为显著的小说”。墨西哥革命后的新贵在病床上看着死亡向自己走来，在或清晰或迷糊、或明或暗的思绪中，追忆自己过去的一切。'),(9787020134663,'营救距离','2018-01-01 00:00:00',25.00,24.00,6.7,NULL,21,7,13,'2017年度布克国际文学奖入围作品  《吃鸟的女孩》作者最新力作\n布宜诺斯艾利斯郊外的豆田，看似宁静却埋伏危机。阿曼达经历的是梦魇，还是真实？\n我记得五岁时我就给我妈妈讲“睡前故事”，我还不会写字，就让妈妈记下关键情节，留出空白，到了白天我会把插图补上。\nNone\n——萨曼塔•施维伯林\n——————\n年轻的母亲阿曼达带着女儿妮娜到布宜诺斯艾利斯市郊的度假屋度假，母女俩结识了好客的邻居卡拉。卡拉比阿曼达年长许多，可她看起来却那么美丽优雅，也神秘莫测。\n阿曼达躺在医院里，女儿已不在身边，到底发生了什么？她的记忆可靠吗？\n田野在我们眼前发生变化，却无人注意到；也许不仅仅是干旱或除草剂，也许还关涉我们与孩子之间系连的那根生命线。\n《营救距离》在追问这样的问题：如果灾难降临，每个人都难以逃脱，我们如何知晓事后会追悔莫及？\n——————\n施维伯林的小说神秘、充满幻觉，这仅仅是一方面，同时，它把我们习以为常的现实放大……徘徊不去的形象，引人深思的境遇。\n——《纽约时报书评》\n萨曼塔•施维伯林的声音在当代西班牙语文学里独树一帜，我期待听到更多她的讲述。\n——马里奥•巴尔加斯•略萨'),(9787020150168,'阿尔特米奥·克罗斯之死2','2019-07-01 00:00:00',59.00,40.00,8.4,'2',51,6,13,'墨西哥国宝级作家卡洛斯·富恩特斯最著名的作品，受到拉美文坛的普遍好评，认为这是一部“最为全面、最为完美、成就最为显著的小说”。富恩特斯也因此被称为“墨西哥语言的外交官”。\n墨西哥革命后的新贵临终前在病床上追忆自己的一生：如何逃避被处死的厄运、如何与富家女卡塔琳娜结婚、如何获总统垂青、如何使个人财富几何倍数增长、如何获得了显赫的地位和名声……本书使卡洛斯•富恩特斯享誉世界文坛，受到拉美文坛的普遍好评，被视为与加西亚•马尔克斯等齐名的拉丁美洲文学爆炸主将。\n极度的讽刺和尖锐的对话，呈现了非凡的人性戏剧。\n——《纽约时报书评》\n卡洛斯·富恩特斯所呈现的墨西哥，就像欧克里德斯·达·库尼亚所呈现的巴西，罕见地将这片故土重获新生、继而被争夺的激荡之情得以被外界所理解。\n——《纽约人》'),(9787020151493,'猎兔','2022-01-01 00:00:00',75.00,60.00,8.8,NULL,21,5,13,'★乌拉圭盛产怪人，马里奥·莱夫雷罗是其中翘楚\n★生前保持低调，在乌拉圭拥有一小批热情的读者\n★去世后，作为老派“邪典”作家，被大型出版集团重新发现\n★被视为二十世纪下半叶拉美文学中不可或缺的一员，影响了塞萨尔·艾拉、亚历杭德罗·桑布拉、鲁道夫·福格威尔等一众西语作家\n★更日常的卡夫卡，更幽默的加缪，波拉尼奥的“反面”\n★短篇《猎兔》出版于1973年，融入了作者在讽刺杂志上尽情挥洒的幽默，模糊了创作边界\n★图文版《猎兔》出版于2012年，由西班牙国家插画奖得主索尼娅·普利多绘制插图\n★莱夫雷罗认为：对于写作，甚至对于真正地生活来说，消遣都是至关重要的。\n-----\n《猎兔》写的是一群人在森林里猎兔的故事。作者在第LXVII章里做出如下冗长的概括：\n“人说这本《猎兔》里呈现的文字其实是个精妙的隐喻，一步一步，描述的是取得贤者之石的艰难的过程；如果用另一种方式排列它们，就会得到一部浪漫主义小说，剧情是线性的，内容也没什么新奇；它是一份教学材料，其唯一的目的就是潜移默化地培养起孩子对罗马数字的兴趣；它不是别的，仅仅是把各个时代的作家写的关于兔子的东西杂乱无章地汇编到了一起；（……）这部书中的人名是一个秘密教派成员的姓名拆拼重组后的生成品；书中的各个片段如果经过合适的排列，每段的头一个音节会拼成一句品味存疑的句子，是献给教士阶层的；要是把它大声念出来，录到带子上，把带子倒放，就会得到原版的《圣经》；把它翻译成梵语，它的音韵显然和维瓦尔第的一部四重奏是重合的；把它的纸页塞到绞肉机里，会得到一种极细的粉末，就像蝴蝶翅膀上的那种；它是一份秘密说明书，可以教你叠出兔子形的纸鹤；这一整本书只是个巨大的文字陷阱，是抓兔子用的；这一整本书只是个巨大的文字陷阱，兔子想用它一举抓住所有人类；等等。”'),(9787020161959,'萨拉米斯的士兵','2021-01-01 00:00:00',54.00,50.00,9.1,NULL,1,6,13,'21世纪西班牙现象级畅销书，劲销20年，销量百万册\n关于西班牙内战，不可错过的当代经典；虚实之间，折射战争中的复杂人性\n一本精彩绝伦的书。——苏珊•桑塔格\n它理应成为经典。——乔治•斯坦纳\n塞尔卡斯回家的目的是把他脑袋里装着的许多伟大小说写下来，同时变成用我们这门语言写作的最好的作家之一。——罗贝托•波拉尼奥\n1939年1月，距离西班牙内战结束只剩两个多月的时间，一群准备流亡法国的共和派士兵在西法边境上枪杀了一队佛朗哥派俘虏，这批俘虏中包括长枪党创始人以及未来的佛朗哥政府高官桑切斯•马萨斯。他奇迹般地逃离了俘虏队并藏身树林中。一个共和派士兵发现了他，但当两人对视时，士兵却选择放走了桑切斯•马萨斯。六十多年后，一个失败的小说家无意间了解到这段历史。这位士兵是谁？他为什么会放走桑切斯•马萨斯？桑切斯•马萨斯当时的心境如何？带着这些疑问，小说家开始调查这件尘封多年的往事……'),(9787020165230,'人间王国','2021-07-01 00:00:00',65.00,60.00,8.3,NULL,3,2,13,'★ 启发陈忠实创作《白鹿原》、影响莫言、苏童等一代中国作家的经典小说\n★ 划时代的“魔幻现实主义”定音之作\n★ 改变文学史的世界性作家，20世纪的文学原典之一。\n——————————————————————\n“人永远也不知道为谁辛苦、为谁等待……历尽艰辛、不断苦斗的人，身虽贫贱而心灵高尚、饱 经沧桑而爱心未泯的人，只能在这个人间王国找到自己的伟大之处，达到最高点。”\n《人间王国》是“神奇现实主义”小说的开山之作。卡彭铁尔经过漫长而艰苦的实地调查，以海地独立为背景，写出了人类生生世世无法挣脱的历史循环，也以此践行作家的职责：提醒公众牢记民族的历史。\n——————————————————————\n时间可能会证明，卡彭铁尔的卓越成就超过其他一切同时代拉丁美洲作家。\n——哈罗德·布鲁姆\n《人间王国》可能是卡彭铁尔写得最好的小说，也是本世纪完成度最高的西班牙语小说之一。\n——马里奥·巴尔加斯·略萨\n卡彭铁尔改变了拉美小说的形式。他超越自然主义，创造了魔幻现实主义。我们都要感激他留下语言和想象力的遗产。我们都是他的后代。\n——卡洛斯·富恩特斯'),(9787020167517,'阴影线','2022-01-01 00:00:00',45.00,40.00,8.0,NULL,10,2,13,'● 《阴影线》以现实主义的方式创造了一个奇异幻想的世界，因为世界本身就是奇异的、幻想的、神秘莫测的、不可理解的。——博尔赫斯\n● 康拉德是近代伟大的境界与人格的创造者。——老舍\n● 人们再次阅读某一位作家的作品的原因就是喜欢他，所以我喜欢康拉德和圣-埃克絮佩里。——马尔克斯\n● 我爱康拉德，因为他在深渊航行而不沉入其中。——卡尔维诺\n《阴影线：一部自白》是英国作家约瑟夫•康拉德在其写作生涯后期创作的一部自传体中篇小说，以第一人称记叙了一位青年船长的海上冒险。主人公回忆道，在他刚刚结束一段航程、打算辞职又无所适从时，忽然意外地得到了一份任何海员都梦寐以求的工作——船长。这是他的第一次，热情满腔，却时间仓促、准备不周。帆船匆匆驶入大海，船员竟接连病倒。更糟糕的是，他们驶入了热带无风区，进退维谷。这条船同时匮乏人力与药品，几乎是在死亡的边缘苦苦挣扎。偏偏就在这时，一场铺天盖地的热带风暴又席卷而来……这次航行成为了康拉德人生道路上的一次重要成长经历。书名“阴影线”寓意的正是这条年少与成熟之间的分隔线，它警示着海上漂泊的作者以及无数在迷茫的大海上漂流的读者：“必须要走出少年时代了。”'),(9787208102019,'2666','2012-01-01 00:00:00',98.00,80.00,8.7,NULL,12,5,11,'美国全国书评人协会最佳小说奖\n《纽约时报》年度十佳图书之首\n《时代》周刊年度最佳小说\n《洛杉矶时报》年度最佳小说\n《旧金山纪事报》年度50部最佳小说\n《西雅图时报》年度最佳图书\n《纽约杂志》年度十佳小说\n美国Amazon 年度编辑选书  读者最爱十大书籍\n25年来百部最佳西语小说\n新千年最佳小说\n2666的五部分讲述了五个独立又彼此呼应的故事。第一部分《文学评论家》讲述四个来自欧洲不同地区（英法西意）的文学评论家，因为共同喜欢及研究一位德国作家阿琴波尔迪而成为朋友进而成为情人的故事。几人得知阿琴波尔迪曾在墨西哥现身时，便共同前往。这个部分的基调很平静，甚至有轻喜 剧般的轻松可人。但进入尾声时，气氛开始诡异起来，有很强的梦幻色彩。\n第二部分《阿玛尔菲塔诺》是举家迁居到墨西哥的智利教授的故事。在第一部分里他曾是几位评论家的向导，因为他宣称曾与阿琴波尔迪有一面之缘。这一部分里，几位评论家已不见踪影，只留下这位日渐迷幻的教授，他不只能听到死人对自己说话，更是在某天效法杜尚，把一本偶然发现的几何学著作挂在自家的晾衣绳上，看风吹动书页。这部分也交待了教授的妻子迷恋上一位疯诗人抛家弃女的情节。这部分的情绪相对来说超现实，很迷幻。气氛压抑诡谲。甚至配有一些另人费解的图示。\n第三部分《法特》，一位纽约《黑色黎明》杂志的黑人记者，因同刊的拳击口记者遇害身亡，接替那人来到墨西哥报道一场拳击赛。在这里，他结识了一批各地媒体同僚，还遇到阿玛尔菲塔诺的女儿。他逐渐地了解到在这个墨西哥北方城市圣特莱莎发生了多起杀害妇女的案件，手段残忍，抛尸荒野，他想进行报道，但困难重重。这部分写法上非常写实，叙述简洁有力。特别之处在于（也贯穿于2666全书），线性叙事之间，穿插有非常多的“离题”之言，比如法特乘飞机时听乘客讲的一段海上求生故事，寻访某人时在教堂听到的大段个人独白，某个美国导演的八卦等等。再如前文那晒书的杜尚，也特书了一段。这部分的结尾交待法特在某人帮助下到监狱找一个这些连环杀人案的嫌犯采访，可在见到那人时，却不知道该问些什么了。\n第四部分《罪行》可说是全书的高潮部分。这部分看似警方档案，因为按时间顺序记录了自1993年1月到1997年12月，每月甚至每周发生的一起或多起杀害妇女案件，简明扼要，某时某地某人被谁谁发现，死状如何，衣物怎样，周遭环境，死者有否确认身份，法医学检测死因是何，有否嫌犯，警方又是怎样处理的。当然其间穿插了警方故事，贩毒集团背景，政治人物干预，来自FBI的侦探，亵渎教堂的“忏悔者”，能预言未来的女巫师，监狱中呼风唤雨的嫌犯（此嫌犯与第三部分结尾那位巨人嫌犯联系起来），等等。这部分“警方报告”的罗列，让人震惊愤怒，继而失望无奈，直到只能接受这现实的残酷。对读者而言，阅读这部分将会是一次极为震撼的心理过程。\n第五部分《阿琴波尔迪》回归开篇引入的悬念人物，他出场了。这个部分甚至可作为独立的历史小说阅读，讲述了阿琴波尔迪的一生，他的出生，成长，贵族家的用人生活，参军，二战，与家人失散，目睹酷刑，成为战俘，耳闻屠犹亲历，开始写作，一家汉堡出版社社长的高度认可关注甚至是资助，传闻其极有可能得到诺贝尔文学奖，隐姓埋名混迹于欧洲各地，再到遇见家人，直到决定去圣特莱莎那个充满死亡的墨西哥北方小城。这部分的情绪悠然回荡着一首哀伤的歌曲，尽管一些细节的震撼力并不比第四部分弱，然而这更是一种尽在不言中让人既恐惧又哀伤无奈的调子。'),(9787208111691,'荒野侦探','2013-04-01 00:00:00',59.00,40.00,8.7,NULL,15,5,11,'★《2666》作者天才智利作家罗贝托•波拉尼奥成名作。\n★波拉尼奥作品版图里的重要作品，处于波拉尼奥作品文学三角的顶端。\n★进入《2666》的一把钥匙，波拉尼奥作品必读。\n★与《2666》有可查证的关联：\n虚构了同一个城市 圣特莱莎。\n在第二部分中提及阿琴波尔迪。\n在一场对话中，2600年被指为不祥之年。\n在2666的笔记里，波拉尼奥说过，“2666的叙述者是阿图罗•贝拉诺[《荒野侦探》主人公]。2666就要煞尾了。朋友们，就说到这里吧。这是我所做的一切，我全部的生活经历。如果我还有力气，肯定会哭上一场。阿图罗•贝拉诺跟各位说：永别了！”\n-\n《2666》作者罗贝托•波拉尼奥写给失败一代的情书\n永远年轻，永远荒唐地悲伤\n-\n十七岁的墨西哥法学院学生马德罗热爱诗歌，时常逃课参与诗歌班的讨论。在那里认识了自命为“本能现实主义诗人”的贝拉诺和利马。他们与其他诗人和艺术家为伍，在酒吧争论诗歌，大麻、酒精、性爱样样不缺。该诗派的精神领袖——女诗人蒂纳赫罗——据传多年前在墨西哥城北面的索诺拉沙漠失踪了。一半为了理想，一半为了躲避仇家，他们决定深入沙漠寻找她的踪迹，同行的还有妓女鲁佩。\n离开墨西哥城后，他们被目击到在巴黎、特拉维夫、维也纳和巴塞罗那出没，干各种零工为生，却从未有人看过他们写的任何一行诗！年轻的诗人们经历了二十年不可逆的生命体验与幻灭……\n《荒野侦探》是波拉尼奥的第一部长篇小说，甫出版即一鸣惊人。1999年获罗慕洛•加列戈斯国际小说奖、智利国家图书协会大奖等，也因此让波拉尼奥扬名国际文坛，从此跻身拉丁美洲一流作家之列，称他为最具原创性、自马尔克斯以来最重要的作家。'),(9787208120914,'美洲纳粹文学','2014-05-01 00:00:00',45.00,40.00,8.1,NULL,17,5,11,'《2666》作者 向博尔赫斯《恶棍列传》致敬之作\n一部跨越美洲的百年怪谈\n这是一部伪造的作家辞典。\n◎本书收录了92 名文坛恶棍，怪人，骗子，疯子，以及神秘主义者。\n◎本书收录了这些人的生平及作品简介， 并竭尽所能地嘲笑他们。\n◎书中故事始于20 世纪初， 直至2 1 世纪中叶， 跨度长达百年。\n◎本书还特别收录美洲大陆相关出版机构、杂志社。'),(9787208131033,'智利之夜','2018-08-01 00:00:00',49.80,40.00,8.6,NULL,30,7,11,'本书主人公塞巴斯蒂安·乌鲁提亚·拉克鲁瓦，是一位神甫兼文学批评家，天主教主业会的成员，同时还是一位平庸的诗人。因为坚信自己即将死去，发着高烧的他在短短一个晚上的时间里，对自己人生中最重要的那些时光一一进行了回顾，尽管事实上，随着夜晚的加深，他的热度降了下来，而他那一连串的胡言乱语也随着一些冷冰冰的人物的登场而得到了缓解。'),(9787208139411,'未知大学','2017-08-01 00:00:00',168.00,130.00,8.6,NULL,30,4,11,'波拉尼奥一直以诗人自居，非常珍视自己的诗作，得知病情的几个月后，他亲自整理自己几乎所有的诗歌手稿，是未来将出版的《未知大学》的雏形。\n中文版诗集以《未知大学》为主体，同时收录作者此前已出版的另外三部诗集：《安特卫普》（2002年）、《浪漫主义狗》（2000年）和《三》（2000年），涵盖波拉尼奥1978—1994年间创作的几乎全部诗歌，中文版基本保留了各部诗集的完整形态。\n深陷波拉尼奥毕生之作的读者会轻易发现，《未知大学》有他之前作品的影子。对于了解波拉尼奥小说的读者而言，相似的主题充盈他的诗中：性、死亡、政治、侦探、年龄、时间、勇气、犯罪、堕落、加泰罗尼亚、毁灭与漠视、遗忘、晦涩的作家、老朋友、灯塔、折刀和驼背小人……\n“未知大学”的概念来自科幻小说家阿尔弗雷德·贝斯特的《被谋杀的穆罕默德》。这本小说的主人公在“未知大学”里任教，这里有着狄更斯笔下的匹克威克式人物，这是一个荒诞风格的学习中心。“未知大学”里的人有着典型的共性：他们是天才，为了他们的天才付出了高昂的代价，他们的思想是超脱世俗的。天才就是一个另辟蹊径来抵达真实的人。\n波拉尼奥如饥似渴地阅读，涉猎广泛，他的阅读既有深度，也有广度，这解释了为何看似不可能的诗歌英雄花名册里的名字会如胡椒粉的气味一样散发在他的书里。波拉尼奥充满幻想的前辈博尔赫斯一句有名的想象：天堂是一座图书馆，而波拉尼奥反转了这种想象：“亲爱的，那不是天堂。”\n一个要求极度精确的猎人，小心翼翼地雕刻着他的结构\n《安特卫普》，在《未知大学》中此部分名为《远走的人》，由56个短小章节组成，是波拉尼奥在25岁以后写的，直到2002年才出版。这是文学上的一次实验。波拉尼奥写道：我为自己及那些我不能确定的人，写下这本书。这完全是个人的自我记录，写一个念头，或一幅图景。\n灵魂是一只狗，心是蓬头垢面的流浪汉\n《浪漫主义狗》大部分诗散见于《未知大学》的几个部分，其中一首名为《索尼》的诗，在《未知大学》里以无题诗《我在酒吧里有个人叫索尼》出现。《浪漫主义狗》是波拉尼奥最强烈的个性表达之书，收录44首诗。形式多变，长短不一，是一种读者曾经未见的新的诗歌文学表达，充分表明波拉尼奥是一个好诗人。“浪漫主义狗”取自一个简单的比喻：灵魂是一只狗，心是蓬头垢面的流浪汉。大部分是回顾年轻时的自由， 在那个“不会被无限吓到”的二十二或二十三岁。\n一部分行（但不一定押韵）的黑白公路电影\n《三》共包含三个部分，由三个完全不同的诗歌组成：《赫罗纳秋天散文》《新智利人》与《文学散步》。《文学散步》未收录在《未知大学》中。第一部分《赫罗纳秋天散文》（1981），是一系列电影片段组成的散文诗；《新智利人》（1993），是《在路上》的诗行体，讲述一个年轻智利乐队从家乡去遥远的地方旅行巡演的故事；《文学散步》（1994），有数字标号的57小段，以散文的形式，大部分以“我梦见”开始，经常提及文学界的人物。\n--------------------------------------\n◆《百年孤独》译者范晔推荐：\n1 这不是一部诗集。\n2 这是一份文学病人的病历。\n3 这是一部分行（但不一定押韵）的黑白公路电影。\n4 这是《荒野侦探》的官方同人 （Copyright ©2666）。\n5 这是拉美青年艺术家的画像x护身符x袖珍黑洞拼图。\n6 这是一本诗体“小说”——如果《2666》也是一首一千页的叙事诗的话。\n7 这是一种反抒情（这甜腻之霾！）的大颗粒反诗歌。\n8 这是尼卡诺尔 •帕拉（波拉尼奥挚爱的智利诗人）开着“海之星”飞碟在墨西哥城上空用气体写成的恒定青春版《解放神学》。\n9 这是写给一代（被）革命（诱惑又抛弃的）孤儿的情歌。\n忘掉上面所有的废话：这是一部诗集而已。\n◆几近涵盖波拉尼奥1978—1994年间创作的全部诗歌。中文版波拉尼奥诗集包含主诗集《未知大学》，及另三部诗集《安特卫普》《浪漫主义狗》《三》。波拉尼奥本人整理完留待出版的《未知大学》，包含后三部诗集的大多数内容。中文版基本保留了各部诗集的完整形态。\n◆苏珊·桑塔格、约翰·班维尔、科尔姆·托宾、斯蒂芬·金等众多作家赞赏有加，轰动文坛的《2666》《荒野侦探》《地球上最后的夜晚》作者，感到最不脸红的作品。\n◆写诗是任何一个人在这个被上帝遗弃的世界上能做到的最美好的事情。最终诗人像孩子和诗人的孩子。\n◆如果波拉尼奥没得重病，他也许仍是一位流浪诗人，对他所写的情色场景爱不释手。他的小说提升了他在文学上的地位，他的诗歌和诗性的敏感让他登上了文学高峰。\n◆主诗集卓纺精装布面，用于珍藏及长久翻阅。三本诗集，采用浅草色、驼色、泥灰色的杰尼雅纸张，车线装订，内文使用字典纸，以方便携带，随时阅读。随书另附米色杰尼雅精美单页。立体呈现波拉尼奥的诗集特点。'),(9787208156289,'佩恩先生','2019-05-01 00:00:00',52.00,46.00,8.0,NULL,30,7,11,'☆《2666》作者波拉尼奥文学世界开启之作。正是本书的成功才让波拉尼奥坚定了走文学道路的决心。\n☆了解波拉尼奥不得不读的一本书。本书与他后来的《美洲纳粹文学》《智利之夜》等作品有密切联系。\n☆本书将故事背景置于1938年的巴黎，重构了秘鲁著名诗人塞萨尔·巴列霍的神秘死亡，提供了角度特别的解读。\n---------------\n我遇到一位名叫巴列霍的病人，他得了一种不停打嗝的怪病，医生们都束手无策。我试图用催眠术给他治病，却遭人暗中阻挠。\n我被人跟踪，又跟踪了别人。与此同时，我又偶遇过去一起学催眠术的朋友，得知了我们共同朋友的自杀之谜。\n记忆深处的噩梦对我紧追不舍，我正在慢慢失去同现实的联系……\n----------------\n《佩恩先生》是波拉尼奥最初的创作成果之一，却已展露出他那炼金术士般的耀眼天赋，他能将生活中的绝境炼成危险的谜团。                                                            ——《出版商周刊》\n《佩恩先生》留有未解之谜，在清晰和怪异间取得了非常吸引人的平衡。                                                       ——《泰晤士报文学增刊》\n读完这本书才明白波拉尼奥为什么能写出《美洲纳粹文学》，原来他早有准备。\n——读者评论\n巴列霍曾经预言过自己的死亡：我将死在巴黎，在一个雨天。波拉尼奥以一个催眠师的视角记录了这一文学史上著名的事件，角度非常独特，读完使人仿佛跟着主人公在巴黎的街巷中游荡。\n——读者评论\n对催眠一直很好奇，这本书让我知道了催眠和文学的关系。\n——读者评论'),(9787208162075,'帝国游戏','2020-05-01 00:00:00',69.00,60.00,8.2,NULL,30,7,11,'☆波拉尼奥备受瞩目的早期杰作，《2666》创作主题的先声\n☆真实与虚构的边界正在这场游戏里变得迷糊，而欲望与恐惧却愈见清晰可触\n---------------\n乌多·贝尔格，雄心勃勃的兵棋游戏爱好者。这年夏天，他和女友一同前往儿时常去的西班牙海滨小镇度假。他们在这里结识了汉娜和查理——一对同样来自德国的情侣，以及三个当地人狼沃、羔尔德罗、住在沙滩上的看船人克疤多。然而没过多久，查理在一次出海冲浪后失踪。明媚的假期渐渐被一种阴郁的气息所笼罩。\n查理生死未卜，汉娜决定返回德国，英格褒也认为他们应该尽早启程回国，但乌多却似乎被什么看不见的东西绊住了脚，他决心要等到查理的尸体出现才回国。与此同时，乌多发现克疤多似乎对兵棋有着浓厚的兴趣，便邀请他一起来玩”二战“题材的兵棋游戏《第三帝国》。假期将尽，游客们渐渐离去，小镇越来越冷清，而查理仍旧毫无音讯。乌多与克疤多之间的游戏还在继续，此前对兵棋一无所知的克疤多竟渐渐扭转战局。怪异的梦境、不安的臆想纠缠着乌多，《第三帝国》中真的有什么未知的力量吗？\n----------------\n有一种彻底又怪异的吸引力。……《第三帝国》仅仅是一盘兵棋游戏，就像主人公乌多和其他角色反复强调的那样，但随着情节推进，它不再仅仅是游戏而已。我们不由自主地被乌多的句子吸引，这场虚构的纸上战争在无意间确证了真实存在的创伤。——《纽约时报》\n那些被《2666》的门槛吓到的新读者会在这本书里找到波拉尼奥的迷人之处。——《经济学人》\n从第一句开始，《帝国游戏》就呈现出波拉尼奥的特色。讽刺意味、性焦虑的氛围、噩梦的阴影、怯懦、不可靠的叙述者，这些都出现在了他日后的作品中。年轻的小说家发现自己有如此成熟的写作才能一定很兴奋，或许也会有点吃惊。——《巴黎评论》\n《帝国游戏》应该被放在贴着“仅限完美主义者”标签的书架上。……小说带着一种眩晕的、轻微恐惧的情绪基调，是类似宿醉的感觉。\n——《纽约客》'),(9787208167506,'坠物之声','2021-01-01 00:00:00',59.00,50.00,8.2,NULL,35,NULL,11,'·首部获国际都柏林文学奖的拉美小说，全球30国读者热情捧读\n·比《百年孤独》更现实，比《毒枭》更真实\n·获丰泉文学奖，巴尔加斯·略萨、富恩特斯盛赞\n·一段家族命运浮沉，一部哥伦比亚当代秘史\n内容简介\n2009年，曾经生活在巴勃罗·埃斯科瓦尔私人动物园里的一头河马逃走并被 射杀了。这个新闻让安东尼奥·亚马拉想到了他曾经的一个朋友，神秘的里卡多·拉韦德。\n1995年，他们在一家台球厅结识，那时的亚马拉是年轻的法学教授，拉韦德则是出狱不久的落魄中年男人，他们一度走得很近，差点成为洞悉对方秘密的知心好友。\n1996年的一天，他们在街头遭遇枪击，拉韦德死了，亚马拉身负重伤，陷入创伤后应激障碍，家庭生活因此摇摇欲坠。\n两年以后，亚马拉再次回到出事的地方，为了摆脱痛苦，他必须回到过去，解开缠绕在他身上的谜团。这时，一个陌生电话让他踏上了寻访过往的旅程，许多秘密也得以逐一揭开。\n精彩书评\n1. 沉静优雅……巴斯克斯是一个机智的说书人，场景和对话都闪耀着精心挑选的细节。他的主题在不同家庭的相似之处、注定不幸的飞行，甚至是反复出现的河马主题之间令人信服地发出回响。他凭借一种逼真的有着自己说服力的现实主义，摆脱了加西亚·马尔克斯长长的阴影。——彭博新闻社\n2. 通过对层叠的时间段、盘旋的谜团和黑色调色板的熟练运用，《坠物之声》揭示了个人生活如何被历史蒙上阴影，过去如何不断困扰现在，以及个人和国家的命运如何被遥远或隐秘的事件改变。——国际都柏林文学奖评审委员会\n3. 21世纪拉丁美洲文学的革新者。——乔纳森·弗兰岑\n4. 他给我们带来了飞机坠落的声音，身体坠落的声音，生命不可阻挡地土崩瓦解的声音。他给我们带来了自罗贝托·波拉尼奥的《2666》以来，我读过的最引人入胜的拉美小说。——美国国家公共广播电台（NPR）\n5. 和波拉尼奥一样，加夫列尔·巴斯克斯是一位文体大师，也是一位有着耐心的节奏和精巧结构的高手，他用这部小说达到了波拉尼奥曾达到过的目的：描绘出贪婪和暴力对我们的世界造成的深刻的、倾泻而出的伤害，并承认即使是爱也无法修复它。——列夫·格罗斯曼，《时代》\n6. 加夫列尔·巴斯克斯是一位相当出色的作家。《坠物之声》是一个精妙的、令人沉思的奥秘。而读者读完以后，它强烈显现出的不可逆转的命运也时时困扰着读者。——E. L. 多克托罗\n7. 《坠物之声》是一部精妙的编年史，记录了贩毒集团和政府势力之间的暴力如何蔓延开来，影响和侵蚀着普通人的生活。他鲜明的现实主义——-是他的同胞加西亚-马尔克斯魔幻变奏的反面——加上他对记忆的抒情处理，产生了一种既让人激动又让人清醒的阅读效果。——马尔科姆·福布斯，《旧金山纪事报》\n8. 一部精彩的小说，从头到尾都激动人心、引人入胜。 《坠物之声》也许是一部令人欲罢不能的小说，但它也是一部关于命运和死亡的深刻沉思录。——埃德蒙·怀特《纽约时报书评》'),(9787208168022,'重返暗夜','2021-03-01 00:00:00',58.00,56.00,8.5,NULL,39,NULL,11,'★《2666》作者波拉尼奥颠覆想象的短篇小说杰作，比《地球上最后的夜晚》更天马行空的超现实文学迷宫。\n☆混沌暗夜的冒险，困于梦魇的记忆，无从躲避的孤独。十三个幽暗跌宕的故事，或浓烈如侵蚀一切的酸，或狂乱如鬼魅之影。\n————————————————\n全书由十三个故事组成 ，创作时间大致在1995—2000年之间。形形色色的主人公或主动或被动地闯入其中。从热爱文学的黑帮头目、垂垂老去的色情电影明星、掌握某种魔法的足球运动员，到被误认为艺术家的士兵、目睹自己死后遭遇的鬼魂，还有诗人、流亡者、困于梦魇的年轻人等等波拉尼奥小说中的常客，他们共同道出了挥散不去的黑暗和令人惊叹的光芒。\n————————————————\n这些出自拉美文学巨匠的杰出短篇小说完美地讲述了一个事实：波拉尼奥的写作是如此优雅、充满激情和个人风格，非常值得一读。……每个故事似乎都把读者变成了一个偷窥者，抓住了混乱的生活和鬼魂的侧影。——《卫报》\n波拉尼奥凭着自己大胆的设想，详尽讲述了这些不可能的故事。我们对此剧透得越少越好，但请放心，你一定从未读过像这样的作品。——《纽约客》\n黑暗、隐秘、悄悄地触及。在这本小说集中可以找到金子。——《纽约书评》\n整军待战的感觉让他的写作充满生气，他对深挖伤口的执迷使《重返暗夜》成为了其作品序列中令人瞩目的代表。——《洛杉矶时报》\n这本十三个故事的短篇集是波拉尼奥写作风格的典型样本，他所关切的主题、偏爱的人物尽在其中。——Booklist'),(9787208175006,'科幻精神','2022-03-01 00:00:00',58.00,50.00,7.7,NULL,20,NULL,11,'★科幻迷波拉尼奥文学宇宙的地基，媲美《荒野侦探》的青春诗篇\n☆对波拉尼奥而言，科幻不仅意味着宇宙航行、外星生物，或对未来科技的预言，更意味着一种自由的精神状态，一抹对抗暗淡生命的明亮激情\n————————————————\n波拉尼奥的早期作品，既充满幽默感又有溃败潦倒的青春悲情，日后出现在他作品中的诸多元素以及叙事结构都能在这里找到影子。\n小说虽以科幻为题但并不是一本通常意义上的科幻小说。故事围绕21岁的雷莫和17岁的扬·史瑞拉展开，他们在皮诺切特政府掌权后移居墨西哥城，一起租住在一间小阁楼里。扬大部分时间都待在房间里，给他崇拜的科幻作家们写抒情又谵妄的信，向他们讲述自己的生活、困扰、梦境。雷莫则同形形色色的诗人朋友一起在墨西哥城中游逛、调查、聚会……\nNone\n————————————————\n虽然并非科幻文学，但科幻文学却在其中扮演了重要角色。仍是波拉尼奥招牌的以诗人为主角的故事，在巧妙编织起的三重叙事时空里，讲述他们如幽灵般漂泊的生活，充满了独属青春岁月的荒唐潦倒、激情与执着、反思与反叛。——陈楸帆\n《科幻精神》是一把打开波拉尼奥小说珠宝盒的钥匙，是一份关于他所沉迷的图景的索引。波拉尼奥的忠实粉丝无疑会喜欢这杯熟悉的、混合着悲伤与狂喜的鸡尾酒。——《巴黎评论》\n《科幻精神》以非常规的结构吸引读者去解开它的奥秘。……（这本书）是波拉尼奥宇宙的地基。一部有趣的、情感充沛的、完成度极高的小说。——《华尔街日报》\n波拉尼奥绘制了一幅迷人的蓝图，从他的诗延展到了威廉·巴勒斯和杰克·凯鲁亚克所代表的垮掉派文学。——《纽约客》\n充沛的情感、冷幽默、对文学与生活交错的激情，可以看到波拉尼奥卓越才华的草图。——《科克斯书评》\n《科幻精神》是一封31岁的波拉尼奥写给17岁的自己的长信。——NPR\n一枚小小的宝石……波拉尼奥对艺术、文学、女性以及墨西哥城的旺盛激情在这本小说里有了具体的形态。——《华盛顿邮报》\n两位年轻作家耐人寻味的梦幻画像，他们以不同的方式追寻共同热爱的文学，也以不同的方式让自己的声音被听到。——《出版人周刊》'),(9787220103063,'回到伊萨卡','2017-10-01 00:00:00',39.00,30.00,8.6,NULL,20,NULL,10,'《回到伊萨卡》包含《回到伊萨卡》《树之子》《天堂钟声》《灵 感》《一小块巧克力糖》《剪短发》《静水深流》《寻找失去的声音》《谢尔盖·伊普西朗基的生活》《乌拉》等十部作品。对剧变时代下平凡朴实的父女亲情、年轻的残疾人的家庭故事、留守小镇的老妇人的孤独晚年生活、年轻作家在追求自己梦想过程中承受的心灵煎熬等情节有着非常细腻生动的描写。这群年轻的俄罗斯作家在写作手法上显得更自由开放，但字里行间依然心怀民族责任感与使命感，几乎每一部作品里都隐含着他们对国家前途、民族未来深刻叩问。\n19世纪以降，俄罗斯诞生了一大批世界级的文学巨匠，如普希金、赫尔岑、托尔斯泰、陀思妥耶夫斯基、屠格涅夫等，这些金子般的名字迄今仍在向世人闪烁着独特的光芒。然而，作为一座富矿，俄罗斯文学在我国所显露的仅是冰山一角，大量的宝藏仍在我们有限的视阈之外。“金色俄罗斯丛书”进一步挖掘那些静卧在俄罗斯文化沃土中的金锭，向中国读者展示赫尔岑的人性，丘特切夫的智慧，费特的唯美，苔菲的幽默，什克洛夫斯基的精致，波普拉夫斯基的超现实，哈尔姆斯的怪诞……可以这样说，俄罗斯文学史即一部绝妙的俄国思想史，它所关注的始终是民族、人类的命运和遭际，还有在动荡社会中人类感情的变异和理性的迷失。\n“金色俄罗斯丛书”由北京外国语大学外国文学研究所教授、博士生导师，著名诗人、翻译家汪剑钊主编，遴选普希金、赫尔岑、托尔斯泰、陀思妥耶夫斯基、屠格涅夫等大师的经典作品，向中国读者呈现优美而深厚的俄罗斯文学。'),(9787220103728,'白天的房子，夜晚的房子','2017-12-01 00:00:00',60.00,50.00,8.6,NULL,20,NULL,10,'新晋诺贝尔文学奖得主、国际布克奖得主、波兰文学女王——\n奥尔加·托卡尔丘克代表作，大陆首次引进出版。\n魔幻现实主义的碎片化小说，人的世代更迭，是土地的瞬息一梦。\n◎ 编辑推荐\n☆ 作者奥尔加·托卡尔丘克为2018年诺贝尔文学奖获得者（2019年10月颁发），本书18年间在25个国家和地区出版83次。还获得1999年“尼刻奖”读者选择奖，英译本入围2004年都柏林文学奖。\n☆ 与《百年孤独》《檀香刑》共同被台湾大学“魔幻写实专题读书会”（骆以军指导）列入十本推荐书目。\n☆ 被诺贝尔奖得主阿列克谢耶维奇（《二手时间》作者）称为“辉煌壮丽的作家”，并视为叛逆的同路人。\n☆ 这是一部由一百多个特写、故事、随笔片段集结而成的一部多层次、多情节的小说。每一个故事都是一篇精致的短篇小说，连缀起来又是一部遍布伏笔与呼应的绝妙长篇。错综复杂的叙事方法带给读者解谜一般的阅读乐趣。\n☆ 既易懂而又深刻，既简朴而又饱含哲理，既意味深长而又不沉郁。在托卡尔丘克的小说中，日常生活获得了少有的稠度，充满了内在的复杂性、激烈的矛盾和冲突，以及耐人寻味的转折和动荡不安的戏剧性。\n☆ 马尔克斯式的历史，辛波斯卡式的时间，耶利内克式的文化身份，在托卡尔丘克的笔下融合。\n☆ 护封采用正反两面印刷，一面是“白天的房子”，一面是“夜晚的房子”。\n◎ 内容简介\n《白天的房子，夜晚的房子》讲述了一个边境小镇，从第一位拓荒至此的制刀匠人在此安居，到女主人公与丈夫迁居这片乡野，同一片土地在千年之间不同的历史瞬间、不同的人生流徙。各种传奇人物在此粉墨登场：长出胡子的圣女、性别倒错的修士、身体里住着一只鸟的酒鬼、化身狼人的小镇教师、会冬眠的做假发的老太太、靠网络收集梦境的女人……千年之间人世沧桑变换、起起落落，但对于土地而言，人的悲欢离合、人的世代更迭，不过是土地的瞬息一梦。\n这是一部多种文体交杂、多条故事线相互穿插的奇妙小说，短篇小说、散文、民间故事、圣徒传记，甚至菜谱、笔记，交错呈现。每一个故事都是一篇精致的短篇小说，连缀起来又是一部遍布伏笔与呼应的绝妙长篇。\n◎ 名人推荐\n辉煌壮丽的作家。\n—— S. A. 阿列克谢耶维奇（诺贝尔文学奖得主，《二手时间》作者）\n梦境，梦境中人的梦境，或梦外真实世界却闪耀着梦之光辉的街道，从外面、里面、上面、下面，编织补缀了这样一幅让读者被拉至上帝视觉位置，俯瞰群梦汹涌此起彼落发生、绽放或黯灭的奇书。\n—— 骆以军（《西夏旅馆》作者）\n◎ 媒体推荐\n她的叙事富于百科全书式的激情和想象力，代表了一种跨越边界的生命形式。\n—— 诺贝尔文学奖评选机构瑞典文学院\n托卡尔丘克的散文式书写简单朴实。她以一种很自然的口吻讲故事，将其笔下世界的希望、单调与荒谬轻松道出。她使想象与真实的生活交织，梦境掺杂进现实，回忆与当下重叠，并且做得天衣无缝。\n——《观察家报》\n2002年，她的第一本译入英文的作品《白天的房子，夜晚的房子》同样具有神秘的吸引力。她所有的小说都反映了经过再度想象的波兰复杂的历史，她的现实主义是极其魔幻的现实主义。\n——《卫报》\n◎ 获奖记录\n★ 作者获得2018年诺贝尔文学奖（2019年授予）\n★ 获得1999年“尼刻奖”读者选择奖\n★ 英译本入围2004年都柏林文学奖决选名单'),(9787220105135,'雨','2018-03-01 00:00:00',38.00,30.00,8.4,NULL,20,NULL,10,'大雨无边无际，召唤南洋胶林深处的情感与记忆\n台湾时报文学奖、联合报文学奖得主黄锦树获奖作品\n...................\n※编辑推荐※\n☆《雨》是2017年台北国际书展大奖及金鼎奖文学图书奖得奖作品，同时也是 2018年首届北京大学王默人-周安仪世界华文文学奖获奖作品，收录了第四届郁达夫小说奖短篇小说得奖作品《归来》。作者黄锦树是马来西亚华文重量级作家，曾获台湾重要文学奖 — —时报文学奖、联合报文学奖。《雨》是黄锦树作品首次以原貌引进大陆。\n☆ 不管在创作领域还是研究领域，黄锦树在当代马华文学（马来西亚华文文学）的代表性都毋庸置疑。梁文道曾说：“马来西亚的作家的一种特质，这个特质就在语言文字的经营上格外用心。坦白讲甚至在今天的中国大陆，我们所谓的中州正韵的原生地，同代的许多的小说家都不一定有他们那么地圆熟，那么地精巧。”\n☆ 黄锦树以创作、立论对抗历史的遗忘，寻觅马华文学的出路。他的创作参照在故乡的生活经验，承接以往几近于失传的“异史”，经营一个幻魅的历史叙事学，以文学的方式使人重新省视过去，扣问未来该何去何从。\n☆ 本书笔调魔幻，刻划细致，读着让人迷失在潮湿溽热的南洋雨林深处中，同那个小家庭一起畏怖惊惧，一起轮回转生。\n...................\n※内容简介※\n离开故土下南洋的一个小家庭，栖身并扎根于马来半岛胶林间，四周环伺着凶猛的野兽、怀有异心的外人及徘徊不散的亡灵。伴随着家庭成员突如其来的失踪、离奇的死亡，缓慢而抑郁的步调积累到了某一天，迸发出爆裂性的奇诡突变，暴雨带来的洪水有时通向彼岸，从死神的指掌间他们脱离了现世，旋即变为异物投向下个轮回，不断循环往复。\n...................\n※名人推荐※\n胶林小镇总是他构思的始原场景。潮湿凝腻的氛围，简陋质朴的市井人物，阴鸷凄迷，而且时泛凶机。黄锦树是忧郁的，但他“非写不可”。就像沈从文诉说他的湘西故事……但黄锦树不是沈从文。沈从文面对天地不仁，却能经营一种抒情视野……黄锦树的作品有杀气。不论讽刺白描或乡愁小品，你都感觉字里行间溅着血光。……这倒令我们想起了鲁迅的风格。“我以我血荐轩辕”，写作是拼命的事业，闲人最好莫近。我们的文坛假情假意惯了，突然来了个拼命三郎，当然求之不得。\n——文学评论者 王德威\n自卡夫卡以来的现代小说，从精神到样貌，总是跋涉。现在读了锦树的小说，竟是迅速之诗。可说来辛酸，能够迅速，正是因为马华文学的文化资产欠缺，甚或没有。……他本属学界，那几本核量级的文论（我读了不止一次《文与魂与体／论现代中国性》），即使没读过，方圆内也感受得到辐射能。才华有余，他写着小说，故而比他的任何一位马华同行都洞察着这个没有，并戮力善用之，那成为他的“变形记”体。\n——台湾作家 朱天文\n非常厉害，非常美的一组短篇小说。……这本小说集里对读者熟悉的雨林，文字上更精致，画面的显影解析更历历如绘，故事里的人物因为不是为一个之后要发动的魔术或叙事的妖怪吞噬而存在，故而更在故事里五官清晰，置身的场景愈栩栩如生。\n——台湾作家 骆以军'),(9787220109997,'莫斯科的小提琴','2018-11-01 00:00:00',52.00,40.00,8.3,NULL,20,NULL,10,'本书为普拉东诺夫中短篇作品集。普拉东诺夫卓越的写作才能，几乎影响了所有的苏联作家。连海明威在荣获诺贝尔文学奖时也承认，普拉东诺夫对自己的创作影响最大。他有着透彻的观察力与预见力，对时局的判断在今天看来显得尤为冷静与前瞻。可是因其语言的艰涩、思想的隐晦和命运的曲折，他也被公认为是俄罗斯最神秘、被研究得最不透彻的作家之一。 本书记录了俄罗斯几个小人物的命运，深刻揭露了导致底层人物生活艰难的根源。普拉东诺夫的命运和创作最深层次地反映了俄罗斯道路及其悲剧性。”'),(9787220110030,'胸针','2018-11-01 00:00:00',56.00,45.00,7.9,NULL,20,NULL,10,'俄罗斯“白银时代”的作家中，苔菲是不被中国读者所熟知的一位。实际上，十月革命前，苔菲便已是俄国著名的短篇小说作家。她的作品以幽默讽刺见长，文风泼辣，文字清新。\n本书所选的短篇小说，部分为苔菲流亡前在祖国创作的作品，部分是流亡欧洲时创作的。在这些作品中可以看到，上至上流社会的绅士淑女，下至女仆工人，苔菲都对他们作了细致深入的观察与思考。她用辛辣讽刺的幽默笔触去描绘世间百态，作品可谓是一部部人间喜剧。但苔菲并不局限于讽刺，她剥开生活的假面呈露出血淋淋的真相后，更对大世界大时代中的渺小个人给予了深刻的同情，可以说这是苔菲幽默小说中最闪亮的一点。'),(9787220116827,'云游','2020-01-01 00:00:00',60.00,50.00,8.6,NULL,20,NULL,10,'新晋诺贝文学奖得主 托卡尔丘克 长篇力作\n2008年尼刻奖、2018年布克国际奖获奖作品\n移动是神圣的，不要停下！116个片段组接为漫漫旅途\n如粒子穿行在世界之中，成为一切时空里的奔游者\n✈ 编辑推荐\n◎ 奥尔加·托卡尔丘克，新晋诺贝尔文学奖获得者，“她的叙事富于百科全 书式的激情和想象力，代表了一种跨越边界的生命形式。”巧合的是，得知这一消息时，作者正开车跨越德国边境。\n◎ 由116个速写、随想、当代故事、历史传说组成，一部兼具组诗与史诗特质的奇妙作品，展现一个无比开阔的、多层次的世界，轻与重在此交织，可以从任何一段开始阅读。在《太古和其他的时间》《白天的房子，夜晚的房子》之后，作者以更具哲思的视角进入现实与历史，不断行动的同时不断观察，如记录一位也许正在记录“我”的邻座游客：我们互为互文。\n◎ 2007年《云游》问世，次年获尼刻奖（波兰最高文学奖）；2018年英译本出版，当年获布克国际奖，次年作者获得诺贝尔文学奖，是作者走出波兰迈向国际，奠定世界声誉的力作。\n◎ 从波兰语初版到英译本问世，用了十年，从布克奖到诺贝尔文学奖只用了一年。本书已授权四十余国。\n◎ 被阿列克谢耶维奇（2015年诺奖得主，《二手时间》作者）称为“辉煌壮丽的作家”，并视为叛逆的同路人。\n✈ 内容简介\n《云游》是一部星群小说，用托卡尔丘克自己的话说，“星群组合，而非定序排列，蕴含了真相。”是一部源于候诊室的书，作者找医生验血，候诊时突然意识到对自己的身体几乎没有认识。然后研究开始了，作者甚至为此一整年在阿姆斯特丹研究解剖学。是一部由116个或长或短章节组成的长篇小说。围绕两个不断交织的主题——旅行和人体保存——虚构的故事、发生过的真事、思想性的片段，一圈圈地排布，身体、旅行、飞行及运动的隐喻性和形而上等问题，随着人的身体在世界中的运动这个主线而展开。\n✈ 媒体推荐\n托卡尔丘克独具辨力的目光让事物都变了样，以同样的敏锐，她的作品颠覆了传统的形式。正如她笔下旅行的角色，书中的叙述视角一直在游移，一直在观察、阐释，总是精彩透彻。\n——《纽约客》\n《云游》美妙而零碎地观察着人类对于永恒的渴望。\n——《华盛顿邮报》\n在这个动荡、狂热的时代，没有比本书更好的旅伴了。\n——《卫报》\n116段旅途组成的翱翔之书。\n——《芝加哥书评》\n如果你喜欢在地图的边缘徘徊，《云游》就是你需要的旅程。\n——国家公共电台\n国际布克奖获奖作品《云游》是一本奇崛、超现实的作品，拥有极其少见的美感。它能带给你其他任何作品都不具备的阅读体验。无论是从最好乃至最疯狂的意味上来讲，《云游》都携有梦一般的特质；你会几乎感到需要把自己的头脑弯曲为一个侧影，才能跟随上它的“刹那、琐碎、一闪而过的格局”的踪迹。当这本天才的小说引领读者双脚离地，它充满魔力——激动人心，奇异，在知觉层面上活力四射。\n——《娱乐周报》\n✈ 名人推荐\n我试图用一种新的语言方式来叙述旅行经历。旅行并非是线性的经历：我们从一个飞机场到另一个机场，从一个公交车站到另一个公交车站，这样的经历像是在不同的陆地穿梭。……读者……可以在机场、火车上读这本书。这本书很容易阅读，读者可以根据其喜好的顺序随意阅读书中的章节，可以从一个短故事跳跃到另一个短故事，从一个人物跳跃到另一个人物，当然最终，读者会感觉到这本书的完整性。\n——奥尔加·托卡尔丘克\n辉煌壮丽的作家\n——S.A.阿列克谢耶维奇（2015年诺奖得主）\n一部卓越的小说，作者堪比塞巴尔德。\n——安妮·普鲁（《断背山》作者）\n✈ 获奖记录\n2008年，获波兰最高文学奖尼刻奖。\n2018年，获布克国际奖。'),(9787220123672,'三只忧伤的老虎','2021-07-01 00:00:00',78.00,60.00,8.6,NULL,19,NULL,10,'本书是古巴作家因凡特的代表作，是拉美“文学爆炸”风潮中最独特、最具实验性的作品之一。这本小说没有明确的故事线，开篇的场景是50年代哈瓦那最著名的夜店，经主持人介绍，一干人物纷纷亮相。而全书结构与此呼应，不同人物上场、下场，以其独特的视角和声音呈现一段“剧目”，各个篇章共同构成一场盛大而炫目的演出。小说描写了50年代末哈瓦那的几位艺术家，但真正的主角并不是他们，而是文学、电影、音乐以及回忆中的城市本身。\n本书书名源自西语中一句家喻户晓的绕口令，整部作充满大量语言游戏、文体实验、文本互动、反常排版，可谓包含一切文本的文本，已成为20世纪文学史上的“少数派”经典。地位毫不逊色于马尔克斯同年出版的《百年孤独》，被誉为拉美的《尤利西斯》、哈瓦那夜店版的《追忆逝水年华》。\n---------------\n·	古巴作家卡夫雷拉·因凡特是拉美“文学爆炸”中的一颗巨星，曾获得西语文学的最高奖项塞万提斯奖。\n·	本书是“文学爆炸”迟到的经典，地位毫不逊色于马尔克斯同年出版的《百年孤独》，被誉为拉美的《尤利西斯》、哈瓦那夜店版的《追忆逝水年华》。\n·	本书具有高度实验性，全书充斥着大量的语言游戏（俚语、笑话、谐音、双关）、文体实验（戏仿、拼贴、互文），以及形式设计（比如在文字中夹杂图示，篇章中加入黑页或白页，整页文字反向排版等），体现了惊人的创意、丰富的巧思与绝佳的幽默感。\n·	作为一个“包含一切文本的文本”，这本书给各国译者带来了极大障碍。中文版为半个多世纪以来首次引进，由《百年孤独》译者历时八年完成。\n----------------\n凭借《三只忧伤的老虎》，卡夫雷拉·因凡特跻身拉丁美洲小说家的前列。这本书可与科塔萨尔的《跳房子》、加西亚·马尔克斯的《百年孤独》和多诺索的《污秽的夜鸟》媲美。——《纽约书评》\n《三只忧伤的老虎》是一本了不起的书。我怀疑自《堂吉诃德》以来，还没有一本更有趣的西班牙语书……它也是拉美地区最具创造性的小说之一，这一点很有说服力。——《纽约时报》\n有史以来用西班牙语写的最好玩的书。现代西班牙语文学中最具原创性的声音之一。——《卫报》\n一首对孤寂的夜晚、对哈瓦那的炎热、对街头俚语的赞歌。——《西班牙自由数字报》\n这部小说改变了西班牙-美国文学的生态。 ——《西班牙国家报》\n文字游戏的大师和记忆的守护者。他把哈瓦那变成了古巴的一个隐喻。——《古巴聚会》\n《三只忧伤的老虎》是最激动人心/最性感/最有趣/最吵闹/最有想象力/最令人回味的小说，任何人，即使是（不爱读外国小说的）英国人，都希望能读到。——萨尔曼·拉什迪\n为了实现调侃、滑稽模仿、一语双关、智力的高难度杂技以及口语中的跳跃，卡夫雷拉·因凡特总是准备着与全世界人为敌，准备失去朋友甚或自己的生命。因为幽默在他这里与在普通人那里不一样，它不是一种纯粹的精神消遣、用来放松头脑的解闷，毋宁说，它是一种被迫的、向现存世界发起挑战的手段。——巴尔加斯·略萨\n难以想象哪个作家能在他的文字里把不同的语言融合得如此巧妙；纳博科夫、贝克特和卡夫雷拉·因凡特总能带给我们这样的惊喜。——苏珊·桑塔格\n一本由健谈的人写给健谈的人的健谈书，它庆祝健谈的人在简略之中逐渐消失。 ——莫里斯·那多，文学评论家，法国最佳外国小说奖评委'),(9787301063453,'测度论与概率论基础','2006-06-01 00:00:00',15.00,10.00,7.6,NULL,20,1,8,'《测度论与概率论基础》为高等院校概率统计系本科生“测度论与概率论基础”课程的教材。测度论内容旨在“短平快”地为初等概率论与公理化的概率论之间搭起一座桥梁。《测度论与概率论基础》通过精选在抽象分析中为建立概率论公理化系统所必需的测度论内容，在此基础上，着重讲述那些在初等概率中没有解释清楚或不可能解释清楚的概念和公式。全书共分六章，内容包括：可测空间和可测函数、测度空间、积分、符号测度、乘积空间、独立随机变量序列等。《测度论与概率论基础》选材少而精，叙述由浅入深，通俗易懂，难点分散，论证严谨。为了满足非数学专业出身而又必须学习公理化概率论的读者的需要，《测度论与概率论基础》对于概念的解释和定理的证明都尽量做得精细，使之便于自学。每章配有适量习题，书末给出大部分习题的解答或提示。'),(9787305099090,'克罗诺皮奥与法玛的故事','2012-11-01 00:00:00',25.00,15.00,8.8,NULL,20,NULL,16,'《克罗诺皮奥与法玛的故事》是一部顽皮的、文体上难以归类的作品，也是科塔萨尔最受喜爱的一部短篇集。\n全书分为四部分。第一部分“指南手册”以说明手册的形式解剖了一些司空见惯的人类日常行为，提供了一种独特而形上的视角。第二部分“奇特职业”记录了“我”那特立独行的一家人的偏执而古怪的行径，不无卡夫卡色彩。“塑性材料”是全书最散漫多变的一部分，充满了奇想与荒谬元素。最后一部分“克罗诺皮奥与法玛的故事”富于喜剧色彩，构思了一个由作者随性拈来的模糊法则界定的三类人构成的社会，其中，克罗诺皮奥显然是诗人或艺术家群体的别称，用富恩特斯的话说，他们是自大、僵化和浮名的敌人。\n透过这些荒诞、有趣、蕴涵讽刺的篇什，科塔萨尔巧妙触及了人性的中心、存在的本质。\n~~~~~~~~~~~~~~~~~~~~~~~~~~~~~~~\n没有人能够为科尔塔萨的作品做出内容简介，当我们试图概括的时候，那些精彩的要素就会悄悄溜走。\n——博尔赫斯\n偶像令人尊敬，仰慕，喜爱，当然，还引发强烈的嫉妒。极少数的作家能像科塔萨尔这样激发上述的一切情感……\n——马尔克斯\n任何不读科塔萨尔的人命运都已注定。那是一种看不见的重病，随着时间的流逝会产生可怕的后果。在某种程度上就好像从没尝过桃子的滋味，人会在无声中变得阴郁，愈渐苍白，而且还非常可能一点点掉光所有的头发。\n——聂鲁达'),(9787305249624,'庭院深处，是哪辆镀铬把手的小自行车？','2022-01-01 00:00:00',45.00,25.00,7.7,NULL,20,NULL,16,'编辑推荐\n幽默荒诞 轻盈离奇 短小精悍\n先锋叙述手法 精妙修辞技巧 挑战语言极限\n▼本书为法国著名先锋作家乔治·佩雷克的早期杰作，他后来作品中的许多特征在这部小说中初现端倪。这本小小的书，就仿佛一条隐秘小路，通向佩雷克错综复杂的语言丛林，以及乌力波那充满潜在可能性和无限创造力的艺术世界。\n▼本书情节似乎很简单：一名叫亨利•波拉克的年轻中士，每天骑着那辆带有镀铬把手的小自行车，往返于故乡蒙帕纳斯和位于万塞讷新堡的兵营。为了和女友长相厮守，避免被派往阿尔及利亚参战，他和好哥们卡拉XX及其他朋友，费尽心力想各种办法试图免除兵役。然而，就是这样一部短小精悍的小说，却是生动有趣而耐人寻味。小说充满充满实验性的叙述手法、互文技巧和大量的文字游戏，仅主人公的名字卡拉XX就有七十二种变体（如卡拉曼利斯、卡拉沃？卡拉瓦施、卡拉库韦……），文末作者所附的索引俏皮而活泼，为解读作品提供了一些线索。\n内容简介\n时隐时现间，恰巧有位诗人，无惧山巅稀薄的空气，敢于超越世俗，以史诗般的气息赞美当下。因为别搞错了，这些勇敢的年轻人，面对最激烈的战斗，曾尝试着让一位哭喊着饶命的年轻士兵避免堕入阿尔及利亚的地狱（唉，没有成功），他们堪称埃阿斯、阿喀琉斯、赫拉克勒斯和忒勒马科斯、阿尔戈英雄 、三个火枪手，甚至是尼摩船长、圣埃克苏佩里、德日进真正的继承者……\n至于那些对史诗美德无动于衷的读者，他们可以在这本小书中找到足够多的东拉西扯和离题之话，从中获得乐趣，例如橄榄饭的食谱，应该会让最难缠的人心满意足。\n****************************************\n佩雷克的每一本书都出人意料、别出心裁又自成一派。读者从他的独特作品中体会到的，不仅有新的文学感受，还有怪异、刺激和乐趣。\n——《纽约客》（The New Yorker）\n在佩雷克作品中，风格、叙事技巧和一般规则成为游戏的托辞。\n佩雷克实际上创建了一种周围文本性（péritextualité）实践，此后他每部作品都将具有这一特征。[……]为我们预示了一种游戏机制，这将在其后作品中进一步发展：能指游戏……互文游戏或伪装的引用游戏……以及文体游戏。\n——西尔维·罗西安斯基-佩尔兰，《文学研究》（Sylvie Rosienski-Pellerin，Études littéraires）'),(9787312001109,'线性代数','1989-04-01 00:00:00',20.00,18.00,8.7,NULL,15,1,6,'《线性代数》是作者在中国科学技术大学系多年教学的基础上编写成的。它由多项式、行列式、矩阵、线性空间、线性变换、Jordan标准形、Euclid空间、酉空间和双线性函数等九章组成。在内容的叙述上，力图做到矩阵方法与几何方法相并重。每章都配有丰富的典型例题和充足和习题。\n《线性代数》适合作为综合性大学理科数学专业的教材，也可以作为各类大专院校师生的教学参考书，以及关心线性代性与矩阵论的科技工作者的自学读物或参考书。'),(9787312021411,'高等数学导论','2009-07-01 00:00:00',50.00,45.00,8.8,NULL,7,1,6,'《高等数学导论.上册(第3版)》是中国科学技术大学非数学专业通用的讲义，是在近50年的使用过程中，经过不断修订、充实而成的，与同类书相比，其广度有所拓宽，认证定理、公式逻辑严谨，编排内容循序渐进，阐述概念联系实际，深入浅出，为加深对概念、定理等的理解和掌握，书中编有丰富的例题，以及复习思考题、习题和复习题。本“导论”分上、下两册出版，上册讲述单变量函数微积分与空间解析几何。下册讲述多变量函数微积分、级数与常微分方程。另配学习辅导一册。本册内容包括函数的极限、单变量函数的微分学、单变量函数的职分学、可积常微分方程和空间解析几何共5章。本“导论”可作为理工科院校非数学专业或师范类院校数学专业的教材或教学参考书，也可供具有一定数学基础的读者自学。'),(9787506379618,'何塞·马蒂诗文选','2015-05-01 00:00:00',42.00,35.00,8.4,NULL,10,4,22,'马蒂是古巴杰出的民族英雄、诗人、思想家。本书结集了马蒂比较有代表性的散文、诗歌和信件，全方位展示马蒂的思想轨迹和人生片段。包括了脍炙人口的名篇《我们的美洲》《美洲，我们的母亲》和《古巴的政治犯苦役》等。马蒂的思想对世界、特别是第三世界国家依然有着重要的影响。\n今年5月19日是马蒂逝世120周年的日子，再版此书以示纪念。'),(9787506394123,'鹰的王座','2017-08-01 00:00:00',42.00,30.00,8.3,NULL,3,NULL,22,'在时间设定为未来的墨西哥政坛上，一场竞争总统之位的角逐悄然展开。在这部书信体的权谋之书中，许愿与背叛、扶植和利用、忠诚和欺骗之间转变都发生在一瞬之间，各路人马为攀上权力的顶峰使出浑身解数，上演了一连串的尔虞我诈的血腥争斗。情节紧张刺激，悬念丛生。七十封私密信件串连起一个巨大的阴谋，而读者站在窥视者的角度，藉由一封封书信窥视着局中人内心的欲望、贪婪与不可告人的秘密。'),(9787511550897,'塞西丽娅·巴尔德斯','2018-03-01 00:00:00',49.00,40.00,8.4,NULL,16,NULL,27,'故事发生在十九世纪的古巴哈瓦那。\n富家公子莱昂纳多不顾一切地疯狂追求美艳绝伦的混血女孩塞西丽娅，而塞西丽娅亦无可救药地坠入情网，幻想通过婚姻改变身世命运。然而，造化弄人，两个无所顾忌的情人却是同父异母的兄妹，而纨绔子弟玩腻了美人，迎娶了别的新娘，最终被复仇之剑刺中心脏，在婚礼上倒在血泊中……\n在作者的描绘下，西班牙占领军司令官、总督、法院院长、警察局长、大庄园主、贵族、平民、仆役、黑奴一一登场；美与丑、善与恶、高尚与低俗、真爱与情欲、贪婪、虚伪相互交织，情节错综复杂；混乱不堪的自由市场、光怪陆离的舞厅、医院、监狱、贫民窟、咖啡园、轧糖厂，场景切换，令人眼花缭乱；悲欢离合，始乱终弃，爱恨情仇，压迫与反抗，自由与独立……展现了一幅波澜壮阔的西班牙殖民统治时期奴隶制度下的古巴风俗画卷。'),(9787511737311,'人工呼吸','2019-11-01 00:00:00',35.00,30.00,8.9,NULL,1,NULL,12,'小说讲述的是青年作家伦西与舅舅马基之间的一段故事，情节主线并不复杂。伦西以马基的经历为蓝本创作了一部小说，作品发表后，伦西意外收到了消失多年的舅舅的来信。由此，舅甥俩开始频繁的信件往来，除了探讨家族历史外，还经常讨论文学、历史、哲学等话题。一年后，马基约伦西见面。但当伦西抵达边境城市康可迪亚时，马基并没有出现，等待他的是舅舅的好友塔德维斯基以及马基留给他的沉甸甸的材料。与简单的情节设置构成鲜明对比的是小说复杂的结构。作家将小说体裁与散文体裁混杂交融，在叙事中插入大量文学批评、哲学思考等内容，又将书信、历史档案、日记等形式各异的文本嵌入主文本中，打破了传统小说完整的形式结构，构成了一个不连贯、碎片式的后现代拼贴画文本。'),(9787521200676,'火的记忆2','2018-11-10 00:00:00',58.00,34.00,8.6,'2',44,NULL,22,NULL),(9787521202380,'火的记忆3','2019-02-01 00:00:00',68.00,50.00,8.8,'3',2,NULL,22,'以神话与诗篇回溯美洲大陆“千年孤独”的民族史诗\n重塑在历史中被蒙蔽的真实与被抹杀的身份\n一个属于风的世纪，一切都在不断变化和诞生\n当作者在讲述之时，已经发生的一切再次发生\n鲁迅文学翻译奖获奖作品《火的记忆》的第三部，获奖译者路燕萍领衔翻译并审校。\n在这本书中，作家讲述的年代来到了20世纪。美洲这片充满苦难与奇迹的土地依然经历着新的变化。作者记录着那些转瞬即逝却意味深长的珍贵瞬间。胡安·鲁尔福说：“自从世界成为尘世/我们一直前胸贴着后背/奋力抓住风”。塞萨尔·巴列霍曾说过：“有时候风改变空气。20世纪是风的世纪，是变化的世纪，是不断诞生的世纪，是饱受炮火摧残、历经磨难的世纪，但是无论有多少死亡，无论流多少鲜血，只要空气还能让男人们和女人们呼吸，大地还能让他们耕耘和热爱，音乐就能让他们翩翩起舞。”而这就是加莱亚诺为之骄傲并深情书写的美洲大地。'),(9787521206982,'夜的命名术','2019-10-01 00:00:00',58.00,46.00,8.4,NULL,30,4,22,'《夜的命名术：皮扎尼克诗合集》翻译自西班牙语原版《皮扎尼克诗全集》，收录了皮扎尼克生前以“阿莱杭德娜•皮扎尼克”署名结集出版的全部诗作，以其六本诗歌单行本为分辑之界：《最后的天真》（1956年）、《失败的冒险》（1958年）、《狄安娜之树》（1962年）、《工作与夜晚》（1965年）、《取出疯石》（1968年）和《音乐地狱》（1971年）；另有辑七从原书附录所列生前未结集出版的诗作中挑选了诗人生命最后三年的部分作品。这是汉语语境里首次完整译介这位西语世界最富传奇魅力的女性诗人之一。同时，这部涵盖皮扎尼克一生作品的诗合集也渴望逾越“被诅咒的自杀诗人”神话，展现出其中饱含的艰巨劳作：她的诗歌是一座用智慧与耐心建筑的高楼，以大量阅读造就了坚定批判、跳脱传统的笔触与目光。\n皮扎尼克的人生是一个热切的、被诗歌点燃的故事。终其一生，她不断撞击着那堵名叫“诗歌”的墙，在她几乎全部的作品中都饱含着一种提纯、精炼、不断向中心靠近的意愿和努力。自创作生涯伊始就围绕内心阴影写诗的她以无可否认亦无可比拟的生命烈度燃烧出女武神的声音，写出“准确得恐怖”的诗歌。在文学和生命之间，她选择了前者。到最后，这场旷日持久的缠斗，是她自己放弃了拯救自己，不惜一切代价寻找诗歌用词语命名不可言说之物的本质。她全部的努力在于把诗歌视为存在的唯一理由。她想成为一位完全的、绝对的诗人，毫无裂缝与伤口的诗人。某种程度上，她得到了她想要的完全，而《夜的命名术：皮扎尼克诗合集》旨在呈现这一完全。'),(9787521211160,'休战','2020-10-01 00:00:00',45.00,32.00,3.6,NULL,30,NULL,22,'在这部日记体小说中，公司职员马丁·桑多梅记录了一个蒙得维的亚中产阶级黯淡日常生活：办公室日复一日的例行公事、妻子早逝后感情生活的长期空白、与三个已经成年的孩子住在同一屋檐下却彼此充满隔阂与误解。当年轻的劳拉·阿贝雅内达进入公司后，桑多梅发现自己在情感上并未干涸，对即将到来的退休生活的不安，也逐渐由憧憬所取代。随着桑多梅与阿贝雅内达感情的迅速升温，他也有生以来第一次领悟到了爱情的真谛，这场真挚热烈的爱情将他生活中的阴霾一扫而空。然而幸福是短暂的，当他开始认真考虑起二人的未来时，一场不幸却再次将他抛入深渊，而这场爱情只是他与厌倦、孤独和无情流逝的时间的日常抗争中的一段插曲，一次休战……\n《休战》是乌拉圭作家马里奥·贝内德蒂的第二部长篇小说，也是二十世纪最重要的西语文学作品之一。本书自1960年推出后在世界范围内长销不衰，再版一百五十余次，为作者赢得了国际声誉。贝内德蒂在本书中塑造的女主人公阿贝雅内达曾被文学评论界称作“拉美叙事文学创造的最动人的女性形象之一”。'),(9787521211184,'感谢火','2020-10-01 00:00:00',52.00,51.00,4.7,NULL,30,NULL,22,'年过中年的拉蒙·布迪纽不仅要“对抗”一个失职的父亲，还要忍受冷漠的妻子以及无法沟通的孩子。他陷入深深的存在主义危机中。在寻求摆脱这种令人窒息的生活的方式时，他回溯以往的人生，试图找到那个出错的时刻，并将自己的生活带回正轨。他知道那个时刻与他的父亲有关，却难以下决心采取行动。他审视当下的生活，不得不面对自身的“原罪”：自己所有的一切，都是父亲给的。拉蒙将如何解决他和父亲之间的问题、实现自我救赎？而他的命运又给依然生活在黑暗里的人们怎样的启示？\n《感谢火》写的不仅是两代人之间的恩怨，而是以一个家庭悲剧为切入口，反应彼时乌拉圭的社会状况：社会停滞不前、价值观念扭曲、道德严重堕落。这样的社会将对人们产生怎样的影响？书中揭示的不仅是拉蒙一个人的困惑，更是一代人寻找自身命运时的彷徨与踯躅。'),(9787521211573,'勇敢的新世界','2021-01-01 00:00:00',52.00,42.00,8.0,NULL,30,NULL,22,'《勇敢的新世界》一书于1990年首次出版，系墨西哥作家卡洛斯·富恩特斯写作生涯中最为重要的随笔集。其内容部分源自作家八十年代在哈佛大学和剑桥大学的授课讲稿。富恩特斯借助维柯和巴赫金的思想，聚焦神话、史诗、乌托邦、巴洛克等核心概念，为西语美洲小说的错综复杂及其整体性提供了一种全景的研究视角。同时，他越过漫长的时空跨度，通过对贝尔纳尔·迪亚斯·德尔·卡斯蒂略、罗慕洛·加列戈斯、阿莱霍·卡彭铁尔、胡安·鲁尔福、马里亚诺·阿苏埃拉、加西亚·马尔克斯、莱萨马·利马及胡里奥·科塔萨尔等作家及其作品的深入分析与批评，勾勒出西语美洲小说独特的发展脉络，这一脉络与作家赋予文学的四个中心职能：命名、发声、回忆与渴望相互关联、彼此观照，并生发出对新世界文学、历史、文化以及社会政治的深刻反思。勇敢的新世界，是富恩特斯心中的乌托邦与托邦；是应想象的过去和渴望的未来；终了，它就是美洲大陆的“此时此地”。'),(9787521214925,'奥德萨','2022-01-01 00:00:00',59.00,52.00,8.7,NULL,30,NULL,22,'《奥德萨》是西班牙当代自传体小说的代表作之一，这部作品详实地记载了数十年以来西班牙国家、社会和家庭流变的历史。故事出自一名年逾半百的作家之口，他同时也是作者曼努埃尔·比拉斯的化身。在经历丧母之痛后，小说主人公试图唤醒尘封已久的记忆，开始反思自己疏离的家庭关系，进而探求婚姻、教育、历史、社会制度等更深层次的问题。\n本书的叙事口吻多元：时而义正言辞，时而幽默风趣，时而又让人热泪盈眶。通过层层递进的叙事，作者最终揭示此一真理：每个脆弱的生命皆是由爱而生。\n这是一本能量之书，真诚且赤裸地谈论丧亲之痛，无法言表的苦，爱人和被爱的需要。\n——西班牙诗人、散文家 费尔南多·阿兰布鲁\n一位独特的、才华横溢且公正的作家，他自由自在且无畏冒险。\n——西班牙作家 萨拉·梅萨\n我今年最喜爱的读物。\n——法国作家 安妮·埃尔诺'),(9787521330106,'人子','2021-11-01 00:00:00',59.00,50.00,7.9,NULL,30,NULL,20,'★享誉拉美文坛的凄美史诗，媲美《百年孤独》《跳房子》的长篇杰作\n★巴拉圭国宝级作家、西语文学大奖“塞万提斯奖”得主、拉丁美洲“文学爆炸”代表人物巴斯托斯作品\n【内容简介】\n老者马卡里奥的回忆，牵扯出一段段错综复杂的往事。雕刻基督像的麻风病琴师，萨普开的神秘外国医生和掘墓人之女，不堪压榨逃离茶园的新婚夫妇，命运相互纠缠的犯人和叛徒……不论是在战乱年代还是在和平时节，他们的苦难似无终结，他们的反抗鲜有回响……\n奥古斯托·罗亚·巴斯托斯是巴拉圭 国宝级作家，拉丁美洲“文学爆炸”的代表人物之一。《人子》是巴斯托斯最早出版且获奖的长篇小说，乌拉圭桂冠诗人马里奥·贝内德蒂称《人子》为与《百年孤独》《跳房子》《绿房子》等同样水准的作品，《人子》通过对集体记忆的重构诠释了历史本真的一面，蕴含着深沉而普遍的人道主义，淬炼出永恒经典的文学价值。\n【名人推荐】\n他（巴斯托斯）是巴拉圭极为杰出的作家，他的小说少而独特，有着巴拉圭式的深沉克制，部部精彩绝伦。\n——卡洛斯·富恩特斯（墨西哥国宝级作家，拉丁美洲“文学爆炸”四主将之一）\n奥古斯托·罗亚·巴斯托斯以新颖的艺术手法和表现技巧，反映了巴拉圭的现实。\n——《世界文学百科》'),(9787530666968,'爱与战争的日日夜夜','2016-01-01 00:00:00',38.00,30.00,8.8,NULL,32,NULL,21,'拉美文豪加莱亚诺之获奖代表作\n了解其独异文学风格的最佳入口\n在拉美文学星空上，爱德华多·加莱亚诺是光芒独异的星辰，始终向下的立场，对于被遮蔽之历史、被绑架之记忆的执着探求，揭示真相的不遗余力，少即是多的语言，毫不拘泥的跨界笔法，都是加莱亚诺异乎他人的风格标志。《爱与战争的日日夜夜》则是他成熟时期文学风格的奠基之作。\n曾获“美洲之家”文学大奖的《爱与战争的日日夜夜》写于流亡期间，作者游走于阿根廷、厄瓜多尔等国，从拉美各地动荡的社会中寻找和提炼普通百姓的日常生活原型，以132段杂糅新闻报道、文学速写、旅行笔记与民间故事的短篇文字，记录并重新发现微观的个人历史。'),(9787530672136,'莫斯科：时空变化的万花筒','2018-01-01 00:00:00',24.00,21.00,7.6,NULL,31,NULL,21,'《莫斯科——时空变化的万花筒》一书中所收的这些散文，真实生动地再现了20世纪二三十年代苏联的社会面貌。作家以他准确细腻、酣畅淋漓的笔触，深情地描写了首都莫斯科在这一特定历史时期的独特面貌。布尔加科夫是一位捕捉心理表现和细微心理变化的大师，他的这一特点在本书所收早期散文著作中即已显露无遗。他深刻而犀利地剖析了时代人物的繁复心态，他们的追求、欢乐和苦恼，使读者在深入到形形色色人们内心世界去漫游的同时，对那个众说纷纭的时代有了更丰富的感性的把握。'),(9787530679395,'爱与战争的日日夜夜','2020-09-01 00:00:00',65.00,59.00,5.7,NULL,31,NULL,21,'赌一个公正拉丁美洲的那一代败了：暴力机器以血灭火。数以万计的人被失踪，数以百万计的人流亡异国。 爱德华多·加莱亚诺记录那个至暗时刻：无数屠戮与悲恸，而欢乐始终在侧。他告诉我们，禁得了水，禁不了渴；追求美好事物的意志比任何悲伤或独裁更强大，它为继续 航行的人祝福并驱魔。'),(9787532773213,'北方档案','2017-02-01 00:00:00',42.00,40.00,8.3,NULL,53,NULL,7,'《北方档案——世界迷宫II》是法国著名作家、法兰西学院首位女性“不朽者”玛格丽特•尤瑟纳尔的自传体小说三部曲《世界迷宫》的第二部，是主要以父系家族史为脉络的回忆，讲述自己的祖父、父亲以及同父异母的兄弟的生活。\n《北方档案》与《虔诚的回忆》《何谓永恒》共同组成《世界迷宫》三部曲，尤瑟纳尔将母亲家族与父系家族尽可能上溯到最久远的年代，细数两大家族走向没落的过程，两大家族最后只剩下一个女人，这个女人没有子嗣，还改变了姓氏，选择了与家族决裂的道路。家族的命运象征着人类的命运，历史纵然拥有作为佐证和借鉴的力量，但人类总是重复错误，悲剧性似乎不可阻止。\n尤瑟纳尔经由《虔诚的回忆》《北方档案》《何谓永恒》一步步建造起庞大的“世界迷宫”，她在宏大的历史背景中书写自己的家族，在宏观的时空中书写事件、人物；大的历史和小的历史互为映衬，偶发事件和个体人物上升为具有永恒意义的象征。\n尤瑟纳尔相信，历史是一所“获得自由的学堂”，是对人类进行哲理思考的跳板，这部作品更是这一理念的直接体现。通过回忆，时间获得了某种密度，集聚在一起的历史试图对人与世界之间的关系给出解释。尤瑟纳尔从关于过去的叙述中，寻找某种超越历史的同一性。'),(9787532786831,'克拉拉与太阳','2021-03-01 00:00:00',68.00,55.00,8.2,NULL,52,NULL,7,'“太阳总有办法照到我们，不管我们在哪里。”\n~\n克拉拉是一个专为陪伴儿童而设计的太阳能人工智能机器人（AF），具有极高的观察、推理与共情能力。她坐在商店展示橱窗里，注视着街头路人以及前来浏览橱窗的孩子们的一举一动。她始终期待着很快就会有人挑中她，不过，当这种永久改变境遇的可能性出现时，克拉拉却被提醒不要过分相信人类的诺言。\n在《克拉拉与太阳》这部作品中，石黑一雄通过一位令人难忘的叙述者的视角，观察千变万化的现代社会，探索了一个根本性的问题：究竟什么是爱？\n~\n“你相信有‘人心’这回事吗？\n我不仅仅是指那个器官，当然喽。\n我说的是这个词的文学意义。\n人心。你相信有这样东西吗？\n某种让我们每个人成为独特个体的东西？”'),(9787533962968,'糜骨之壤','2021-01-01 00:00:00',56.00,50.00,7.9,NULL,32,NULL,9,'2018年诺贝尔文学奖得主托卡尔丘克最新被译为中文的长篇小说；从波兰语直接翻译；同名电影《糜骨之壤》曾获2017年柏林国际电影节亚佛雷德鲍尔奖（银熊奖）。\n-----\n本书入选2019年布克国际奖短名单 | 2019年美国国家图书奖长名单 | 2020年国际都柏林文学奖短名单。\n-----\n《时代》《经济学人》《纽约时报》《华尔街日报》《纽约客》《卫报》《芝加哥论坛报》盛赞\n---\n“宇宙中有一个地方，还没有毁灭，那里的世界还没有颠倒，伊甸园仍然存在。”\n----\n主人公雅尼娜是一位精通占星术、喜欢威廉•布莱克的诗歌，并热衷动物保护的老妇人，她幽居在波兰边境被大雪覆盖的山林里。雅尼娜给自己认识的每一个人都会取个奇怪的外号，他们是“大脚”“鬼怪”“好消息”，她养的狗则被称为“小姑娘们”。突然有一天，邻居“大脚”被一块小鹿骨头卡住喉咙，死在家里，此后凶案接二连三发生……小说贯穿着令人毛骨悚然的幽默感，以及关于人、自然、动物的尖锐思考。\n----\n一个曲折的、充满想象力的、超越类型化的故事。（《糜骨之壤》）既是犯罪悬疑小说，又是童话，更是一场关于一些物种为什么要凌驾于另一些物种之上的哲学探讨。\n——《时代》杂志\n托卡尔丘克是过去25年间在欧洲脱颖而出的为数不多的小说家之一。\n——《经济学人》杂志\n一曲给大自然的颂歌；一首给威廉•布莱克的赞美诗；托卡尔丘克是否超越了布莱克？\n——美国国家公共电台\n这不是一部通常意义上的犯罪小说——因为托卡尔丘克不是一位平常意义上的作家。借由她非凡的才华、智识和她的这些“思想小说”，她提出并思考着关于生态环境的政治的种种问题。托卡尔丘克反复地提出这些问题，并呼吁我们采取行动。\n——《赫芬顿邮报》'),(9787536080478,'石头世界（修订版）','2018-08-01 00:00:00',48.00,41.00,8.0,NULL,3,NULL,24,'本书由波兰著名天才作家塔杜施·博罗夫斯基的三部短篇小说集《告别玛丽亚》、《某一个士兵》和《石头世界》构成。其作品描写了纳粹对人肉体的残酷摧残，更严重的是，摧残了人的精神、道德观念。波兰著名文学评论家科特认为，博罗夫斯基的短篇小说，不仅是波兰文学，也是世界文学。'),(9787536081390,'流星','2016-11-01 00:00:00',45.00,40.00,7.7,NULL,1,NULL,24,'《流星——卡雷尔·恰佩克哲理小说三部曲》由《霍杜巴尔》《流星》《平凡一生》三部互相关联的中篇小说构成，是恰佩克独特、有力的作品，理论家、评论家雷纳·韦勒克将这部三部曲形容为“在所有语言中，成功的一次哲理小说尝试”。小说精心安排了交错在一起的三个高度紧凑的故事，以多视角、自由想象的叙述法讲述了一群普通人的失落的生活，强调了真理与现实的相对性。小说的故事充满悬念，创作技巧与批判精神相得益彰，是一部精彩的佳作。本书被法国《读书》杂志列入《理想藏书》，被美国著名文学评论家哈罗德·布鲁姆列入《西方正典》的“经典书目”。'),(9787536084476,'雪绒花的庆典','2018-05-01 00:00:00',38.00,35.00,8.5,NULL,53,NULL,24,'《雪绒花的庆典》由捷克作家博胡米尔·赫拉巴尔以日记形式创作于二十世纪七十年代，属于他鼎盛时期的创作。鲜活的乡村场景，赫拉巴尔式的人物，令人难以置信的人性故事，口语化的对白和方言俚语，淡淡的忧郁中看待世界的独到眼光，一系列情节不连贯的故事或图像串联，将荒谬滑稽的人生百态高度戏剧化，这是赫拉巴尔的典型风格和创作高度，通过这种方式达到动态的嬗变，展现悖反的两极：纯粹的原生性和超凡的想象力。'),(9787540475222,'马龙之死','2016-08-01 00:00:00',32.00,30.00,8.3,NULL,1,NULL,25,'《马龙之死》是贝克特最为知名的法文“长篇小说三部曲”的第二部。小说讲述一个清醒的等死过程。马龙是一个年逾八十的孤单老头儿，他一个人单独待在一所房子里，卧床不起，奄奄一息，巴望着死亡快些降临。在这个漫长的过程里，马龙用写作消磨着无聊的时光，自己为自己编故事，窥视着床边带血的木棍，每天给他送饭菜的妇人……他的意识渐渐地进入到死亡的巨大阴影里，伴随着他絮絮叨叨的独白。'),(9787540772024,'三个世界的西班牙人','2014-09-01 00:00:00',38.50,35.00,7.7,NULL,23,NULL,23,'《三个世界的西班牙人》（Españoles De Tres Mundos）是西班牙著名诗人、作家希梅内斯的一本文集。希梅内斯将它称为“抒情漫画”，书中勾绘了一百多位诗人、政治家、大学者，所写人物包括大散文家阿索林、大画家毕加索、拉美的大诗人鲁文·达里奥、聂鲁达等人。此书首次在中国翻译出版。2012年塞万提斯文学奖获得者何塞·曼努埃尔·卡瓦耶罗称此书“立于那个时代西班牙散文的光荣顶峰”。本书译者赵德明称“《三个世界的西班牙人》是一座瑰丽的宝库”。'),(9787540775407,'两个故事','2015-07-01 00:00:00',18.00,16.00,8.3,NULL,20,NULL,23,'《两个故事》是奥地利大作家穆齐尔生前出版的一个单行本小说集。如今首度在中国出版发行。小说集包括两篇中篇小说，分别是《爱情的完成》和《对平静的薇罗妮卡的诱惑》。《两个故事》由著名德语文学翻译家、穆齐尔研究者张荣昌教授翻译。'),(9787540778293,'敖德萨故事','2016-09-01 00:00:00',36.00,35.00,9.1,NULL,20,NULL,23,'以译界公认最经典戴骢译本为底本，再经俄罗斯文学权威专家、主编刘文飞详细校订、加注、补全，”《敖德萨故事》系列”首次完整呈现。\n本卷分为“敖德萨故事”、“我的鸽子窝的故事”和“彼得堡日记”三个部分。\n敖德萨主题”是贯穿着巴别尔整个创作的一个母题，巴别尔现存于世的文字有一半以上均可称之为“敖德萨故事”。而“我的鸽子窝的故事”系列则是一位敖德萨犹太男孩的心灵史。“彼得堡日记”系列则是作者在《新生活报》上发表的一组特写。'),(9787540778309,'骑兵军','2016-09-01 00:00:00',42.00,41.00,8.6,NULL,20,NULL,23,'本卷分为“骑兵军系列”、“《红色骑兵军报》刊文”和“1920年日记”三部分。“骑兵军系列”小说是给巴别尔真正带来世界声誉的作品。1920年苏波战争，巴别尔化名“柳托夫”随布琼尼的骑兵军征战数月，其间的所见所闻、所思所想构成了《骑兵军》的主要内涵。“《红色骑兵军报》刊文”也发表于战争期间。巴别尔还在这時写下大量日记。“骑兵军故事”、刊发于《红色骑兵军报》的报道和“1920年日记”三部分构成一个相互呼应的整体。\n【騎兵軍】1924年起，巴別爾在《紅色處女地》《列夫》等雜誌發表一些描寫第一騎兵軍的短篇小說。1926年，他將這些小說結集出版，取名《騎兵軍》，後不斷再版，1933版已標有“第七、第八擴充版”字樣，共收小說34篇，此輯最後4篇《千里馬》《吻》《格里舒克》《他們曾經九個》在多種外文版本中被列入“《騎兵軍》補遺”'),(9787540784584,'一座城堡到另一座城堡','2019-04-01 00:00:00',68.00,58.00,8.4,NULL,20,NULL,23,'《一座城堡到另一座城堡》是塞利纳的第三部重磅作品，塞利纳在该书中娓娓讲述自己穷困潦倒、备受诅咒的作家和医生生涯，他从巴黎的寓所逃往维希流亡政府所在地德国锡格马林根，以及在丹麦西部监狱里的种种遭遇和贫病交加的生活经历，用幻想的手法和黑色幽默的笔调描绘了包括贝当元帅、赖伐尔总理在内的“附敌分子”和 “德国鬼子”滑稽可笑的众生相，同时也对戴高乐等政治人物，萨特、阿拉贡、罗歇•瓦扬等法国文坛主流作家进行了辛辣的讽刺和无情的鞭挞。像《茫茫黑夜漫游》一样，作品真切展示了一个阴森可怖、冷酷无情的鬼魅世界，深刻揭露了战争的残酷、疯狂、对生命的戕害和对人性的摧残。\n著名作家昆德拉对这部作品评价甚高，他在《相遇》中写道：“许多与塞利纳同代的大作家也都有过死亡、战争、恐怖、酷刑、流放的经历……而他是唯一发声诉说这种极其特殊经历的人，在这种经历中人被完全剥夺了生命的排场。”'),(9787540786038,'罗特小说集9','2019-10-01 00:00:00',45.00,40.00,9.4,NULL,2,NULL,23,'本书是《罗特小说集》的第九卷，收入奥地利作家约瑟夫·罗特的长篇小说《第1002夜的故事》（1939）与短篇小说《皇帝的胸像》（1935）《利维坦》（1940）。《第1002夜的故事》书名是对《一千零一夜》的戏仿，讲述波斯皇帝访问奥匈帝国时，由一夜风流韵事而改变了奥地利几 个普通人的命运的故事。小说的开头看似荒诞不经，充满戏谑与反讽，随着情节的发展，残酷的现实开始显露峥嵘，小人物的人生百态跃然纸上。围绕一个青年贵族军官的经历，展现了帝国时代上至宫廷贵族，下至黎民百姓的生活面貌，也揭示了那个传统社会的必然结局。《皇帝的胸像》通过讲述一个老派贵族的“挣扎”，折射出人们在传统秩序崩溃的关头，对旧时代的不舍和对新时代的拒斥。是纳丁·戈迪默花费很多笔墨高度评价的小说，与《拉德茨基进行曲》（《罗特小说集 2》）和《先王冢》（《罗特小说集 3》有着内在的关联。《利维坦》描绘了一个犹太珊瑚商人的一生，他渴望大海、充满想象；厌恶陈旧的生活，又反感新的堕落风气；坚守传统观念，又禁不起利益诱惑，在这样挣扎中最终被命运吞没。是一部寓意深刻的诗一般的小说，在罗特的短篇小说中占据着重要地位。'),(9787541142062,'现实与欲望','2016-01-01 00:00:00',58.00,56.00,8.8,NULL,20,NULL,15,'塞尔努达的作品是一条通向我们自己的路。……很少有这样的现代诗人，无论何种语言，能给我们带来这样不寒而栗的体验，当我们知道自己面对的是一个说出真理的人。他击中了我们每个个体的内心，那是属于我们自己的真理。—— 奥克塔维奥·帕斯\n※\n自上世纪20年代起，塞尔努达的诗歌作品漫步涉足二十世纪欧洲和西班牙诗歌几乎所有的风格、音调和抒情领域：一方面，是纯诗、超现实主义、新浪漫主义和反抒情主义（或可称为无韵主义）；另一方面，是歌诗传统、哀歌、颂歌、牧歌、戏剧诗歌、叙事诗歌、冥思短诗和亚历山大体律诗（或可称为文化主义诗歌）。这种创作风格上的多元化与诗人的生命轨迹完全相应，使塞尔努达在“二七年代”众多伟大诗人中独树一帜、被西班牙尤其是1960年后涌现的诗人尊崇为典范的根源。他屹立于传记记录与形而上冥思的交汇点上，每个个体的体验与一个至高的同一体验在他的诗里相遇。——何塞·特鲁埃尔·贝纳文特'),(9787541151200,'马尔多罗之歌','2018-10-01 00:00:00',68.00,61.00,9.0,NULL,20,NULL,15,'天才、有罪的少年，\n美与邪恶的混合体，\n几代大师膜拜的偶像，\n留给世人的唯一一部\n奇书中的奇书\n◎ 编辑推荐\n☆《马尔多罗之歌》是法国诗人洛特雷阿蒙的天才之作，问世近五十年不为人知，经安德烈·布勒东为首的超现实主义者推重后，对现代艺术与文学产生了巨大影响。\n☆ 本书影响了不可胜数的艺术家、作家、导演：画家奥迪隆·雷东、达利、勒内·玛格丽特先后为本书配图。除布勒东、阿拉贡、艾吕雅等超现实主义者之外，纪德、加缪、帕斯、亨利·米勒、约翰·阿什伯利等大作家、大诗人都盛赞此书。还启发了戈达尔、寺山修司等电影导演的创作，影响仍在继续。\n☆ 洛特雷阿蒙常在深夜写作，通过大声朗读、弹奏钢琴和弦，锻造语句。去世时年仅二十四岁。此次再版收录了他的全部创作，除杰作《马尔多罗之歌》外，还包括《诗一》《诗二》及存世的七封信。\n◎ 内容简介\n《马尔多罗之歌》是一部长篇散文诗，由六支歌组成，每支歌长短不等，或抒情或叙事。围绕主人公马尔多罗，六支歌飞速展开，各种事件接踵而来，创造出一个畸形、奇异而梦幻的世界，一切都处在兴奋中，处在变形中，处在施暴、攻击、摧毁的激流中，行动的快乐浸透了全书。此外还收录了《诗一》《诗二》两个散文片段以及七封信。\n◎ 名人推荐\n我一定要明确指出，依我看，对某些人的崇拜是值得怀疑的，尽管这些人表面上显得那么伟大。惟一的例外是洛特雷阿蒙，那些在经过时留下了某种模糊痕迹的人，在我看来就不是这样。\n—— 安德烈·布勒东，超现实主义创始人\n我认为，布勒东、阿拉贡和苏波等人构成的小组最美的荣誉在于发现并宣布了令人赞叹的洛特雷阿蒙的文学与超文学的重要性……他在19世纪全然没有影响，但他和兰波一起，也许还超过兰波，却成为明日文学的大师。\n—— 安德烈·纪德，1947年诺贝尔奖得主\n为了揭示人的梦境，关键在于不去贬斥知觉。要求于诗人的不是放弃而是极度的自律。我们需要一种关于诚挚的高明形式：真实性。在过去的世纪中有一类诗人，他们代表了浪漫主义——诺瓦利斯、奈瓦尔、波德莱尔、洛特雷阿蒙——的隐秘分支，给我们指明了道路。……这位诗人（洛特雷阿蒙）发现了表现心理剧变的形式。\n—— 奥克塔维奥·帕斯，1990年诺贝尔奖得主\n对洛特雷阿蒙，我们只有猜测，绝无肯定，绝无逻辑（我们的逻辑）。所以《马尔多罗之歌》才是最有效的诗歌，因为他持续地让我们感到不安，尽管我们有确切的理论。他仍然是危险的……他在无意间以夸张、玩笑的方式在文学的谎言中重新发现了真理。他比任何诗人都更好地重新发明了语言和艺术的意义，这是生活的咒语。他否定了统一的文体，但这是为了显露真正的文体，真正的逻辑，即自然的力量而不是习俗。他从人类思想史的一极跳到了另一极。\n—— 勒克莱齐奥，2008年诺贝尔文学奖得主\n他的前辈是乔纳森·斯威夫特，他的首席执行者是萨德侯爵……洛特雷阿蒙是一位黑信使，预示死亡幻觉和虚弱的噩梦即将来临。\n—— 亨利·米勒，美国小说家\n洛特雷阿蒙的《马尔多罗之歌》是黑色圣经……可以说是超现实主义基本的梦想文本。\n—— 詹姆斯·格雷厄姆·巴拉德（《太阳帝国》作者）\n至少从洛特雷阿蒙开始，文学赢得了发疯的权利。\n—— 罗兰·巴特\n《马尔多罗之歌》是关于可怖力量的一个谜团。\n—— 雅克·德里达\n洛特雷阿蒙的作品对我们而言就像是一种真正的好斗现象学。它是纯粹的好斗，甚至在人们曾经谈论的纯诗这种文体本身中也是如此。\n—— 加斯东·巴什拉\n洛特雷阿蒙是——但愿大家能宽恕我——我所知道的惟一的法国悲剧诗人。\n—— 皮埃尔·勒韦尔迪\n给你们的私人书房装上一个能随意沉浮的装置吧……打开洛特雷阿蒙，整个文学便像一把雨伞般翻转过来，合上他，一切又立即恢复正常。为了在家中享受一种完美的智力舒适，给你们的书房装上《马尔多罗之歌》这一装置吧。\n—— 弗朗西斯·蓬热\n如果我们这个时代的散文作品，不论是小说还是论文，试图追求那种一般而言是为诗歌保留的形式，如果这些作品像诗歌一样成功地强加给我们这样的观念：文学是一种实验，阅读与写作不仅属于一种揭示意义的行为，而且还构成一种发现的运动，那么我们就应该把这一切归功于洛特雷阿蒙的探索和疯狂。\n—— 莫里斯·布朗肖\n它（《马尔多罗之歌》）像一本破旧、翻皱了的关于打破文学规则的规则手册。……每当我滑向那些俗滥的文学陈套，就会感觉到后脖颈上马尔多罗沉重的呼吸。……洛特雷阿蒙是颠覆高手。年轻孩童和母鲨们，当心。\n—— 理查德·米尔沃德，英国小说家'),(9787541159299,'毁灭者亚巴顿','2021-06-01 00:00:00',88.00,77.00,8.8,NULL,2,NULL,15,'❈ 20世纪拉美文学巨擘萨瓦托“小说三部曲”收官之作，《隧道》《英雄与坟墓》续篇\n❈ 动乱宇宙困境、恐惧、孤独的目击证人，人类世界宗教、哲学、历史之永恒忧思\n❈ 简体中文版首次面世\n——————————\n阿根廷经典作家萨瓦托长篇小说，是其“心理小说三部曲”（《隧道》《英雄与坟墓》《毁灭者亚巴顿》）之终章。“三部曲”环环相扣，层层递进，“作品几乎无一例外地关注现代人的孤独、焦虑与死亡，表达对人的存在与命运这一命题经年的探究和思考”。\n《毁灭者亚巴顿》的主线是发生在1973年同一时间的三件事情：其一，“疯子”巴拉甘目睹的异象——一只长着七个头的巨龙盘踞在夜空中；其二，十七岁的纳乔看见挚爱的姐姐与房地产公司总裁有染；其三，二十三岁的马塞洛因与游击队员“小棍子”之间的友谊，在警察局地下室被酷刑折磨致死。\n在主线之外，相当混乱地穿插了不同人物的对话、回忆、信函、会谈、新闻报道等。曾经在《隧道》和《英雄与坟墓》中出现过的角色，再次作为客体或主体出场，连作者本人也成为了书中的一个角色。最重要的已不是情节本身，而是其间的争论、思绪，涉及诸多话题的探讨：现实、宗教、哲学、历史、战争、革命、暴力、现实和超现实……作品具有典型的拉美文学魅力，又有独创之处。虽则阅读门槛较高，其文学价值、重要性却是毋庸置疑。\n——————————\n（博尔赫斯与萨瓦托）二人是对手，但不是在狭小的曲径上，而是在无限的宇宙中。博尔赫斯永远也写不出《毁灭者亚巴顿》；同样，萨瓦托永远也写不出《阿莱夫》。我观察到一个普通的细节；将来会有人译出它的象征意义。就是这两个杯子：在博尔赫斯的杯子里是水；在萨瓦托的杯子里是威士忌。\n——《博尔赫斯与萨瓦托对话》'),(9787544269155,'文学课','2022-02-01 00:00:00',69.00,60.00,9.5,NULL,36,NULL,19,'★拉美文学巨匠胡里奥·科塔萨尔 打破常规的大师文学课 简体中文首度引进\n★加西亚·马尔克斯、聂鲁达、萨拉马戈、略萨、莫言 5位诺贝尔文学奖得主 齐声推崇的作家\n★适合所有爱故事的人，写作者必读之书！\n★这是一个邀请，邀请读者参与伟大的文学游戏。\n★一本书了解天马行空的科塔萨尔和拉美文学，清晰明了，有料有趣。\n忠实刻录 8堂大师文学课 + 2场公开讲座，干货满满\n细致解读+名篇实例分析+疑难解答+创作指导，写给所有阅读者和创作者，在《文学课》找到创作与故事的答案！\n-----------------------------------------------------------------------\n一九八〇年，科塔萨尔受邀前往加州大学伯克利分校，教授一门为期两个月的文学课。\n本书由当时作家八场讲座的录音转写而成。天性顽皮的他和学生“合伙”做起了游戏，要将文学讲得趣味十足、与生活现实息息相关。十三个小时的座谈内容揭示了科塔萨尔的写作秘密：对幻想故事的解读，文学中的音乐性、幽默感、游戏性，幻想与现实主义，对自己作品和创作之路的分析……科塔萨尔再一次施展魔力，将文学课也变成一场郑重其事的游戏。\n《文学课》是一个邀请，伟大的作家科塔萨尔郑重地邀请您参与其中。'),(9787544720854,'佩德罗·巴拉莫','2011-10-01 00:00:00',28.00,21.00,9.0,NULL,14,NULL,17,'本书是胡安·鲁尔福的代表作。这部作品不仅立意深刻，而且，在艺术形式上也富有新意，迄今仍被认为是“拉丁美洲文学的巅峰小说之一”，被译成多国文字，在世界各国广为流传。作者因此被誉为“拉丁美洲新小说的先驱”，1970年获墨西哥国家文学奖，1983年获西班牙阿斯图利亚斯王子文学奖。在本书中，作者成功地塑造了一个为人狡诈、残忍，为了发财致富而不择手段的庄园主形象。'),(9787544722803,'树上的男爵','2012-04-01 00:00:00',30.00,25.00,9.1,NULL,1,NULL,17,'在大陆，王小波、苏童、阿城、止庵是他的忠实粉丝\n在台湾，朱天文，唐诺是卡尔维诺不余遗力的传播者\n在香港，梁文道说他一直在准备谈卡尔维诺，可是一直没准备好\n权威版本，全面修订2006年单行本译本，并增补卡尔维诺各作品自序、后记、注释等重要资料\n知名设计师全新装帧，精装双封设计，书脊烫金，封面采用原创线条图，赋予每部作品文学个性\n卡尔维诺 “我们的祖先”三部曲之一。“我们的祖先”三部曲包括：《不存在的骑士》《分成两半的子爵》《树上的男爵》，这三个故事代表通向自由的三个阶段，关于人如何实现自我的经验：在《不存在的骑士》中争取生存，在《分成两半的子爵》中追求不受社会摧残的完整人生，在《树上的男爵》中有一条通向完整的道路——这是通过对个人的自我抉择矢志不移的努力而达到的非个人主义的完整。\n一次倔强的反抗，让科希莫从十二岁起就决定永不下树。从此，他一生都生活在树上，却将生命更紧密地与大地相连。是不是真的只有先与人疏离，才能最终与他们在一起？'),(9787544732536,'最明净的地区','2012-12-01 00:00:00',32.60,40.00,8.0,NULL,34,NULL,17,'富恩特斯少时随父游居海外，创作《最明净的地区》时未及而立之年，却已显示出非凡的才华和文学野心。特殊的成长经历让他能够作为一个“外来的墨西哥人”冷静观察，同时又被鱼龙混杂的大都市墨西哥城所深深吸引。\n在这部三十余万字的作品中，富恩特斯大胆实验，在创作手法上借鉴了乔伊斯、福克纳、劳伦斯、多斯•帕索斯等人的技巧，以出身底层的银行家罗布莱斯大起大落的人生轨迹为线索，串连起相互独立又呼应的章节；巧妙地将反差明显的各色人物和场景交错重叠；将方言、俗语、歌声与叫喊，甚至沉默织入文本；令大街上、豪宅里、贫民窟发出的各种声音形成交响。整部作品所呈现出的“时代的感性”足以牢牢攫住人心。\n我们大家都在写同一本拉丁美洲小说：我写哥伦比亚的一章，富恩特斯写墨西哥的一章。\n——加西亚•马尔克斯\n我大学时就读过《最明净的地区》。那是一部描写墨西哥历史、社会和文化的壮丽画卷，充满了神奇的想象。这部小说在拉丁美洲留下了印记，并向年轻的一代表明，文学佳作不仅存在于美国、法国和英国，也存在于我们的土地上。\n——巴尔加斯•略萨\n《最明净的地区》从开始就注定是一部关于城市、一部关于墨西哥城的小说，一部都会小说……我们意识到自己属于欧洲文化，但同时又属于美洲的印第安文化和非洲文化。我们是“多元文化”的，这甚至就是我们现代性的定义。\n——卡洛斯•富恩特斯\n富恩特斯是20世纪以来世界纯文学的标杆。\n——陈众议\n当21世纪开始时，在墨西哥有大知识分子吗？我认为很少，只有卡洛斯•富恩特斯留给了我们，他是一位360度的知识分子。\n——埃曼努尔•卡瓦略　（墨西哥著名学者）'),(9787544732550,'与劳拉·迪亚斯共度的岁月','2012-12-01 00:00:00',39.80,37.10,8.5,NULL,14,NULL,17,'《富恩特斯作品:与劳拉•迪亚斯共度的岁月》是富恩特斯1999年发表的作品，讲述了德国移民的后裔劳拉•迪亚斯丰富的生活和精神追求、她与亲人和朋友们的悲欢离合，以及她所见证的墨西哥从1905—2000年的各个重大的历史事件。通过劳拉的一生和家世，展现了这个处在拉丁文化与美国文化交流和冲突的边界地区的国度近百年的风云变幻，揭示了有着特殊历史、文化和种族渊源的墨西哥人民的苦难，他们的生活和内心世界。'),(9787544751742,'像欲望一样快','2015-11-01 00:00:00',35.00,30.00,6.0,NULL,1,3,17,'爱情到底是用什么面貌在人类间流转的？相爱的两人，只要一个眼神、一个举动，就能了解彼此的想法。然而，传递信息的电波，也会有短路的一天……\n胡唯乐天生有项特殊的能力，他能“听见”别人言语背后真实的含义，通过与太阳、宇宙能量的沟通，感受到每一则信息的振动。因此，他选择了继续父亲未尽的事业——成为一名电报员，将成千上万人的梦想、愿望相连。\n自从搬到小镇后，妻子不再像以前那样活泼开朗，总是心事重重。胡唯乐为此苦恼不已，正当他努力挽回婚姻时，他最引以为豪的天赋却带来一场最大的不幸。而爱仍然以欲望的速度前进着……'),(9787544788052,'我生于美洲','2022-05-01 00:00:00',138.00,130.50,8.2,NULL,1,NULL,17,NULL),(9787559830364,'和帕斯捷尔纳克在一起的岁月','2021-05-01 00:00:00',128.00,125.50,7.6,NULL,5,NULL,26,'本书是俄苏文学回忆录里的经典作品，是关于帕斯捷尔纳克晚年岁月最好的见证作品，对于《日瓦戈医生》获诺贝尔奖前后的叙述详尽可靠。\n1.诗人、作家、诺贝尔文学奖得主帕斯捷尔纳克晚年岁月重要见证\n2.国内首次完整引进，不仅有母亲的《时间的俘虏》，还有女儿的相关回忆。\n3.专业、资深译者联手打造经典译本。\n4.严峻时代下的波折爱情，暴风雪中的“幽幽烛光”\n本书是《新世界》编辑奥尔嘉·伊文斯卡娅及其女儿的回忆录。分为《时间的俘虏》和《波塔波夫胡同传奇》两部分。在《时间的俘虏》中，伊文斯卡娅讲述了自己与帕斯捷尔纳克相识相知的故事，以及她对于帕斯捷尔纳克诗歌和经历的见解。在《波塔波夫胡同传奇》中，伊丽娜回忆了记忆中与帕斯捷尔纳克有关的人与事，那时她还是个勇敢的小女孩。'),(9787567534575,'致未来的诗人','2015-08-01 00:00:00',34.00,32.00,9.1,NULL,15,NULL,14,'然而我不在乎无人了解\n在这些近乎同代的身体之间，\n他们活着的方式不像我\n这来自疯狂土地的身体\n挣扎着成为翅膀抵达空间之墙\n是那墙壁将我的岁月与你的未来相隔。\n我只想我的手臂迎上另一只友好的手臂，\n另一双眼睛分享我眼中所见。\n尽管你不会知道今天的我以怎样的爱\n在未来时间的白色深渊\n寻找你灵魂的影子，从她学会\n按新的尺度安顿我的激情。\n——塞尔努达《致未来的诗人》\n如果诗歌艺术也有自己的守护圣徒，比如狄金森和保罗•策兰，那么塞尔努达也在其列。\n——哈罗德•布鲁姆\n最不西班牙的西班牙诗人。\n——奥克塔维奥•帕斯');
/*!40000 ALTER TABLE `book` ENABLE KEYS */;
UNLOCK TABLES;

--
-- Table structure for table `book_author`
--

DROP TABLE IF EXISTS `book_author`;
/*!40101 SET @saved_cs_client     = @@character_set_client */;
/*!50503 SET character_set_client = utf8mb4 */;
CREATE TABLE `book_author` (
  `book_id` bigint NOT NULL,
  `author_id` bigint NOT NULL,
  PRIMARY KEY (`book_id`,`author_id`),
  KEY `author_id_idx` (`author_id`),
  CONSTRAINT `author_id` FOREIGN KEY (`author_id`) REFERENCES `author` (`author_id`),
  CONSTRAINT `book_id` FOREIGN KEY (`book_id`) REFERENCES `book` (`book_id`)
) ENGINE=InnoDB DEFAULT CHARSET=utf8mb3;
/*!40101 SET character_set_client = @saved_cs_client */;

--
-- Dumping data for table `book_author`
--

LOCK TABLES `book_author` WRITE;
/*!40000 ALTER TABLE `book_author` DISABLE KEYS */;
INSERT INTO `book_author` VALUES (9787312021411,10),(9787312021411,11),(9787312021411,12),(9787312001109,13),(9787312001109,14),(9787532786831,15),(9787532786831,16),(9787301063453,17),(9787220103728,18),(9787220116827,18),(9787533962968,18),(9787533962968,19),(9787220116827,20),(9787220103728,21),(9787208102019,23),(9787208111691,23),(9787208120914,23),(9787208131033,23),(9787208139411,23),(9787208156289,23),(9787208162075,23),(9787208168022,23),(9787208175006,23),(9787208131033,24),(9787208156289,25),(9787208111691,26),(9787208102019,27),(9787208120914,27),(9787208168022,27),(9787506394123,27),(9787511550897,27),(9787540772024,27),(9787208175006,28),(9787208162075,29),(9787521206982,29),(9787530666968,29),(9787530679395,29),(9787541142062,29),(9787511737311,30),(9787511737311,31),(9787220105135,32),(9787220123672,33),(9787220123672,34),(9787020161959,35),(9787020161959,36),(9787208167506,37),(9787208167506,38),(9787020086573,39),(9787020086573,40),(9787020150168,40),(9787541142062,41),(9787567534575,41),(9787541151200,42),(9787541151200,43),(9787020069323,44),(9787305099090,44),(9787544269155,44),(9787544720854,45),(9787544720854,46),(9787544722803,47),(9787544788052,47),(9787544722803,48),(9787544269155,51),(9787521330106,52),(9787521330106,53),(9787020167517,54),(9787020167517,55),(9787020151493,56),(9787020151493,57),(9787544788052,58),(9787544751742,59),(9787521200676,60),(9787521202380,60),(9787530666968,60),(9787530679395,60),(9787521206982,61),(9787521211160,63),(9787521211184,63),(9787521211160,64),(9787521211184,65),(9787541159299,69),(9787541159299,70),(9787521211573,71),(9787521211573,72),(9787020150168,73),(9787506394123,73),(9787544732536,73),(9787521214925,74),(9787521214925,75),(9787521200676,76),(9787521202380,76),(9787020134663,77),(9787020134663,78),(9787305249624,79),(9787305249624,80),(9787020165230,81),(9787020165230,82),(9787540778293,83),(9787540778309,83),(9787540778293,84),(9787540778309,84),(9787540786038,85),(9787540786038,86),(9787536081390,87),(9787536081390,88),(9787530672136,89),(9787530672136,90),(9787540784584,91),(9787540784584,92),(9787540772024,93),(9787540475222,94),(9787536080478,95),(9787536080478,96),(9787559830364,97),(9787559830364,98),(9787540775407,99),(9787536084476,100),(9787536084476,101),(9787532773213,102),(9787532773213,103),(9787220109997,104),(9787220109997,105),(9787544732550,106),(9787544732550,107),(9787511550897,108),(9787544732536,109),(9787506379618,110),(9787506379618,111),(9787220110030,112),(9787220110030,113),(9787220103063,114),(9787220103063,115);
/*!40000 ALTER TABLE `book_author` ENABLE KEYS */;
UNLOCK TABLES;

--
-- Table structure for table `book_class`
--

DROP TABLE IF EXISTS `book_class`;
/*!40101 SET @saved_cs_client     = @@character_set_client */;
/*!50503 SET character_set_client = utf8mb4 */;
CREATE TABLE `book_class` (
  `class_id` int NOT NULL AUTO_INCREMENT,
  `name` varchar(45) NOT NULL,
  `parent_class` varchar(45) DEFAULT NULL,
  PRIMARY KEY (`class_id`)
) ENGINE=InnoDB AUTO_INCREMENT=8 DEFAULT CHARSET=utf8mb3;
/*!40101 SET character_set_client = @saved_cs_client */;

--
-- Dumping data for table `book_class`
--

LOCK TABLES `book_class` WRITE;
/*!40000 ALTER TABLE `book_class` DISABLE KEYS */;
INSERT INTO `book_class` VALUES (1,'数学','科学'),(2,'科幻·玄幻','小说'),(3,'爱情','小说'),(4,'诗歌文选','诗歌'),(5,'短篇小说','小说'),(6,'历史小说','小说'),(7,'悬疑','小说');
/*!40000 ALTER TABLE `book_class` ENABLE KEYS */;
UNLOCK TABLES;

--
-- Table structure for table `comments`
--

DROP TABLE IF EXISTS `comments`;
/*!40101 SET @saved_cs_client     = @@character_set_client */;
/*!50503 SET character_set_client = utf8mb4 */;
CREATE TABLE `comments` (
  `comment_id` int NOT NULL AUTO_INCREMENT,
  `book_id` bigint NOT NULL,
  `user_id` bigint NOT NULL,
  `submission_time` datetime NOT NULL,
  `comment` varchar(800) DEFAULT NULL,
  PRIMARY KEY (`comment_id`),
  KEY `book_id` (`book_id`,`user_id`,`submission_time`),
  KEY `user_i_idx` (`user_id`),
  CONSTRAINT `book_i` FOREIGN KEY (`book_id`) REFERENCES `book` (`book_id`),
  CONSTRAINT `user_i` FOREIGN KEY (`user_id`) REFERENCES `user` (`user_id`) ON DELETE CASCADE ON UPDATE CASCADE
) ENGINE=InnoDB DEFAULT CHARSET=utf8mb3;
/*!40101 SET character_set_client = @saved_cs_client */;

--
-- Dumping data for table `comments`
--

LOCK TABLES `comments` WRITE;
/*!40000 ALTER TABLE `comments` DISABLE KEYS */;
/*!40000 ALTER TABLE `comments` ENABLE KEYS */;
UNLOCK TABLES;

--
-- Table structure for table `logistics`
--

DROP TABLE IF EXISTS `logistics`;
/*!40101 SET @saved_cs_client     = @@character_set_client */;
/*!50503 SET character_set_client = utf8mb4 */;
CREATE TABLE `logistics` (
  `logistics_id` int NOT NULL AUTO_INCREMENT,
  `logistics_name` varchar(30) NOT NULL,
  `logistics_tele` varchar(30) DEFAULT NULL,
  PRIMARY KEY (`logistics_id`),
  UNIQUE KEY `logistics_name_UNIQUE` (`logistics_name`)
) ENGINE=InnoDB AUTO_INCREMENT=4 DEFAULT CHARSET=utf8mb3;
/*!40101 SET character_set_client = @saved_cs_client */;

--
-- Dumping data for table `logistics`
--

LOCK TABLES `logistics` WRITE;
/*!40000 ALTER TABLE `logistics` DISABLE KEYS */;
INSERT INTO `logistics` VALUES (1,'顺丰','19812341234'),(2,'圆通','18612344321'),(3,'韵达','12812341234');
/*!40000 ALTER TABLE `logistics` ENABLE KEYS */;
UNLOCK TABLES;

--
-- Table structure for table `mark`
--

DROP TABLE IF EXISTS `mark`;
/*!40101 SET @saved_cs_client     = @@character_set_client */;
/*!50503 SET character_set_client = utf8mb4 */;
CREATE TABLE `mark` (
  `mark_id` bigint NOT NULL AUTO_INCREMENT,
  `book_id` bigint NOT NULL,
  `user_id` bigint NOT NULL,
  `marks` decimal(2,1) NOT NULL,
  PRIMARY KEY (`mark_id`),
  KEY `user_mark_idx` (`user_id`),
  KEY `book_mark_idx` (`book_id`),
  CONSTRAINT `book_mark` FOREIGN KEY (`book_id`) REFERENCES `book` (`book_id`),
  CONSTRAINT `user_mark` FOREIGN KEY (`user_id`) REFERENCES `user` (`user_id`)
) ENGINE=InnoDB DEFAULT CHARSET=utf8mb3;
/*!40101 SET character_set_client = @saved_cs_client */;

--
-- Dumping data for table `mark`
--

LOCK TABLES `mark` WRITE;
/*!40000 ALTER TABLE `mark` DISABLE KEYS */;
/*!40000 ALTER TABLE `mark` ENABLE KEYS */;
UNLOCK TABLES;

--
-- Table structure for table `order`
--

DROP TABLE IF EXISTS `order`;
/*!40101 SET @saved_cs_client     = @@character_set_client */;
/*!50503 SET character_set_client = utf8mb4 */;
CREATE TABLE `order` (
  `order_id` bigint NOT NULL AUTO_INCREMENT,
  `user_id` bigint NOT NULL,
  `submission_time` datetime DEFAULT NULL,
  `status` varchar(20) NOT NULL DEFAULT '未提交',
  `logistics_id` int DEFAULT NULL,
  `telephone` varchar(15) DEFAULT NULL,
  `address` varchar(45) DEFAULT NULL,
  `name` varchar(40) DEFAULT NULL,
  `is_vip` tinyint DEFAULT '0',
  PRIMARY KEY (`order_id`),
  KEY `user_id_idx` (`user_id`),
  KEY `logistic_idx` (`logistics_id`),
  CONSTRAINT `logistic` FOREIGN KEY (`logistics_id`) REFERENCES `logistics` (`logistics_id`),
  CONSTRAINT `user_id` FOREIGN KEY (`user_id`) REFERENCES `user` (`user_id`)
) ENGINE=InnoDB DEFAULT CHARSET=utf8mb3;
/*!40101 SET character_set_client = @saved_cs_client */;

--
-- Dumping data for table `order`
--

LOCK TABLES `order` WRITE;
/*!40000 ALTER TABLE `order` DISABLE KEYS */;
/*!40000 ALTER TABLE `order` ENABLE KEYS */;
UNLOCK TABLES;

--
-- Table structure for table `order_list`
--

DROP TABLE IF EXISTS `order_list`;
/*!40101 SET @saved_cs_client     = @@character_set_client */;
/*!50503 SET character_set_client = utf8mb4 */;
CREATE TABLE `order_list` (
  `order_list_id` bigint NOT NULL AUTO_INCREMENT,
  `order_id` bigint NOT NULL,
  `book_id` bigint NOT NULL,
  `number` int NOT NULL,
  PRIMARY KEY (`order_list_id`),
  KEY `order_id` (`order_id`,`book_id`),
  KEY `book_id_idx` (`book_id`),
  CONSTRAINT `book_id1` FOREIGN KEY (`book_id`) REFERENCES `book` (`book_id`),
  CONSTRAINT `order_id` FOREIGN KEY (`order_id`) REFERENCES `order` (`order_id`)
) ENGINE=InnoDB DEFAULT CHARSET=utf8mb3;
/*!40101 SET character_set_client = @saved_cs_client */;

--
-- Dumping data for table `order_list`
--

LOCK TABLES `order_list` WRITE;
/*!40000 ALTER TABLE `order_list` DISABLE KEYS */;
/*!40000 ALTER TABLE `order_list` ENABLE KEYS */;
UNLOCK TABLES;

--
-- Table structure for table `press`
--

DROP TABLE IF EXISTS `press`;
/*!40101 SET @saved_cs_client     = @@character_set_client */;
/*!50503 SET character_set_client = utf8mb4 */;
CREATE TABLE `press` (
  `press_id` bigint NOT NULL AUTO_INCREMENT,
  `name` varchar(45) NOT NULL,
  `contact` varchar(45) DEFAULT NULL,
  `address` varchar(60) DEFAULT NULL,
  `tele` varchar(20) DEFAULT NULL,
  `email` varchar(200) DEFAULT NULL,
  PRIMARY KEY (`press_id`)
) ENGINE=InnoDB AUTO_INCREMENT=29 DEFAULT CHARSET=utf8mb3;
/*!40101 SET character_set_client = @saved_cs_client */;

--
-- Dumping data for table `press`
--

LOCK TABLES `press` WRITE;
/*!40000 ALTER TABLE `press` DISABLE KEYS */;
INSERT INTO `press` VALUES (6,'中国科学技术大学出版社','徐萍','安徽省合肥市金寨路96号','0551-63606086-8802','edit@ustc.edu.cn '),(7,'上海译文出版社',NULL,'上海市闵行区号景路159弄B座7-8层','86-21-53201888','info@yiwen.com.cn'),(8,'北京大学出版社',NULL,'中国北京市海淀区成府路205号','010-62752032','zpup@pup.cn'),(9,'浙江文艺出版社',NULL,'北京市北京海淀区中关村西大街28号','4007890619',NULL),(10,'四川人民出版社',NULL,NULL,'028-86259529',NULL),(11,'上海人民出版社',NULL,'上海市绍兴路54号','64313303',NULL),(12,'中央编译出版社',NULL,NULL,NULL,NULL),(13,'人民文学出版社',NULL,NULL,NULL,NULL),(14,'华东师范大学出版社',NULL,NULL,NULL,NULL),(15,'四川文艺出版社',NULL,NULL,NULL,NULL),(16,'南京大学出版社',NULL,NULL,NULL,NULL),(17,'译林出版社',NULL,NULL,NULL,NULL),(18,'江苏凤凰文艺出版社',NULL,NULL,NULL,NULL),(19,'南海出版公司',NULL,NULL,NULL,NULL),(20,'外语教学与研究出版社',NULL,NULL,NULL,NULL),(21,'百花文艺出版社',NULL,NULL,NULL,NULL),(22,'作家出版社',NULL,NULL,NULL,NULL),(23,'漓江出版社',NULL,NULL,NULL,NULL),(24,'花城出版社',NULL,NULL,NULL,NULL),(25,'湖南文艺出版社',NULL,NULL,NULL,NULL),(26,'广西师范大学出版社',NULL,NULL,NULL,NULL),(27,'人民日报出版社',NULL,NULL,NULL,NULL),(28,'复旦大学出版社','张冀','上海市国权路579号','021-65642854',NULL);
/*!40000 ALTER TABLE `press` ENABLE KEYS */;
UNLOCK TABLES;

--
-- Table structure for table `user`
--

DROP TABLE IF EXISTS `user`;
/*!40101 SET @saved_cs_client     = @@character_set_client */;
/*!50503 SET character_set_client = utf8mb4 */;
CREATE TABLE `user` (
  `user_id` bigint NOT NULL AUTO_INCREMENT,
  `name` varchar(10) NOT NULL,
  `password` varchar(40) NOT NULL,
  `is_vip` tinyint NOT NULL DEFAULT '0',
  `telephone` varchar(15) DEFAULT NULL,
  `e_mail` varchar(45) DEFAULT NULL,
  `address` varchar(45) DEFAULT NULL,
  PRIMARY KEY (`user_id`)
) ENGINE=InnoDB DEFAULT CHARSET=utf8mb3;
/*!40101 SET character_set_client = @saved_cs_client */;

--
-- Dumping data for table `user`
--

LOCK TABLES `user` WRITE;
/*!40000 ALTER TABLE `user` DISABLE KEYS */;
/*!40000 ALTER TABLE `user` ENABLE KEYS */;
UNLOCK TABLES;
/*!40103 SET TIME_ZONE=@OLD_TIME_ZONE */;

/*!40101 SET SQL_MODE=@OLD_SQL_MODE */;
/*!40014 SET FOREIGN_KEY_CHECKS=@OLD_FOREIGN_KEY_CHECKS */;
/*!40014 SET UNIQUE_CHECKS=@OLD_UNIQUE_CHECKS */;
/*!40101 SET CHARACTER_SET_CLIENT=@OLD_CHARACTER_SET_CLIENT */;
/*!40101 SET CHARACTER_SET_RESULTS=@OLD_CHARACTER_SET_RESULTS */;
/*!40101 SET COLLATION_CONNECTION=@OLD_COLLATION_CONNECTION */;
/*!40111 SET SQL_NOTES=@OLD_SQL_NOTES */;

-- Dump completed on 2022-05-15 23:15:50
